timestamp;buyer;seller;symbol;currency;price;quantity
3500;;;COCONUT_COUPON;SEASHELLS;677.0;20
3900;;;COCONUT;SEASHELLS;10120.0;10
4200;;;COCONUT_COUPON;SEASHELLS;675.0;7
4800;;;COCONUT_COUPON;SEASHELLS;679.0;15
5400;;;COCONUT;SEASHELLS;10120.0;7
7000;;;COCONUT_COUPON;SEASHELLS;682.0;15
7600;;;COCONUT_COUPON;SEASHELLS;681.0;13
7800;;;COCONUT_COUPON;SEASHELLS;678.0;5
9200;;;COCONUT;SEASHELLS;10113.0;1
9300;;;COCONUT;SEASHELLS;10112.0;10
9400;;;COCONUT_COUPON;SEASHELLS;678.0;14
9800;;;COCONUT;SEASHELLS;10108.0;8
10400;;;COCONUT;SEASHELLS;10106.0;10
10600;;;COCONUT;SEASHELLS;10105.0;10
11200;;;COCONUT;SEASHELLS;10101.0;8
11700;;;COCONUT;SEASHELLS;10103.0;7
12500;;;COCONUT_COUPON;SEASHELLS;681.0;18
13400;;;COCONUT;SEASHELLS;10100.0;10
15000;;;COCONUT;SEASHELLS;10104.0;6
15000;;;COCONUT_COUPON;SEASHELLS;684.0;19
15200;;;COCONUT_COUPON;SEASHELLS;685.0;9
17300;;;COCONUT_COUPON;SEASHELLS;680.0;9
17900;;;COCONUT_COUPON;SEASHELLS;677.0;14
19400;;;COCONUT_COUPON;SEASHELLS;686.0;17
20300;;;COCONUT;SEASHELLS;10109.0;2
20400;;;COCONUT_COUPON;SEASHELLS;689.0;4
21000;;;COCONUT_COUPON;SEASHELLS;688.0;12
21300;;;COCONUT_COUPON;SEASHELLS;687.0;14
21400;;;COCONUT_COUPON;SEASHELLS;687.0;17
22800;;;COCONUT_COUPON;SEASHELLS;687.0;18
23600;;;COCONUT;SEASHELLS;10110.0;6
24100;;;COCONUT_COUPON;SEASHELLS;684.0;15
26400;;;COCONUT_COUPON;SEASHELLS;688.0;10
27100;;;COCONUT_COUPON;SEASHELLS;694.0;11
27800;;;COCONUT_COUPON;SEASHELLS;698.0;15
28000;;;COCONUT;SEASHELLS;10120.0;7
29300;;;COCONUT;SEASHELLS;10120.0;5
29500;;;COCONUT_COUPON;SEASHELLS;705.0;18
29900;;;COCONUT;SEASHELLS;10116.0;8
30200;;;COCONUT;SEASHELLS;10116.0;8
30700;;;COCONUT_COUPON;SEASHELLS;705.0;16
31200;;;COCONUT_COUPON;SEASHELLS;700.0;15
31800;;;COCONUT_COUPON;SEASHELLS;697.0;17
32600;;;COCONUT_COUPON;SEASHELLS;696.0;17
32800;;;COCONUT;SEASHELLS;10107.0;8
34800;;;COCONUT_COUPON;SEASHELLS;682.0;19
35600;;;COCONUT_COUPON;SEASHELLS;689.0;1
35600;;;COCONUT_COUPON;SEASHELLS;689.0;16
36000;;;COCONUT;SEASHELLS;10109.0;9
36800;;;COCONUT_COUPON;SEASHELLS;685.0;15
38100;;;COCONUT_COUPON;SEASHELLS;685.0;13
38100;;;COCONUT_COUPON;SEASHELLS;685.0;6
39700;;;COCONUT;SEASHELLS;10110.0;2
40300;;;COCONUT_COUPON;SEASHELLS;684.0;15
41200;;;COCONUT_COUPON;SEASHELLS;680.0;11
41600;;;COCONUT;SEASHELLS;10103.0;7
42200;;;COCONUT;SEASHELLS;10111.0;8
42500;;;COCONUT_COUPON;SEASHELLS;676.0;4
43400;;;COCONUT;SEASHELLS;10111.0;8
43500;;;COCONUT;SEASHELLS;10111.0;7
43600;;;COCONUT_COUPON;SEASHELLS;668.0;12
44800;;;COCONUT;SEASHELLS;10114.0;3
45300;;;COCONUT_COUPON;SEASHELLS;674.0;12
45700;;;COCONUT_COUPON;SEASHELLS;676.0;14
46100;;;COCONUT_COUPON;SEASHELLS;673.0;10
47500;;;COCONUT;SEASHELLS;10109.0;10
47600;;;COCONUT_COUPON;SEASHELLS;680.0;16
48300;;;COCONUT;SEASHELLS;10105.0;8
48300;;;COCONUT_COUPON;SEASHELLS;677.0;14
48500;;;COCONUT;SEASHELLS;10109.0;1
48800;;;COCONUT;SEASHELLS;10107.0;7
48800;;;COCONUT_COUPON;SEASHELLS;679.0;6
49100;;;COCONUT_COUPON;SEASHELLS;678.0;11
49300;;;COCONUT;SEASHELLS;10108.0;5
49600;;;COCONUT;SEASHELLS;10108.0;7
50000;;;COCONUT;SEASHELLS;10108.0;3
50100;;;COCONUT_COUPON;SEASHELLS;679.0;18
50300;;;COCONUT;SEASHELLS;10108.0;7
50700;;;COCONUT_COUPON;SEASHELLS;679.0;16
50800;;;COCONUT;SEASHELLS;10110.0;8
52200;;;COCONUT_COUPON;SEASHELLS;679.0;6
52700;;;COCONUT_COUPON;SEASHELLS;680.0;15
53400;;;COCONUT_COUPON;SEASHELLS;683.0;11
54400;;;COCONUT;SEASHELLS;10111.0;5
55800;;;COCONUT;SEASHELLS;10110.0;8
56200;;;COCONUT_COUPON;SEASHELLS;681.0;8
56500;;;COCONUT_COUPON;SEASHELLS;684.0;19
56600;;;COCONUT_COUPON;SEASHELLS;685.0;16
57000;;;COCONUT_COUPON;SEASHELLS;686.0;20
57100;;;COCONUT_COUPON;SEASHELLS;684.0;16
58700;;;COCONUT_COUPON;SEASHELLS;685.0;10
59200;;;COCONUT;SEASHELLS;10111.0;5
59500;;;COCONUT;SEASHELLS;10109.0;6
61000;;;COCONUT;SEASHELLS;10107.0;6
63600;;;COCONUT_COUPON;SEASHELLS;686.0;16
63900;;;COCONUT;SEASHELLS;10108.0;8
64700;;;COCONUT;SEASHELLS;10110.0;6
65200;;;COCONUT_COUPON;SEASHELLS;686.0;17
65700;;;COCONUT;SEASHELLS;10113.0;10
66300;;;COCONUT_COUPON;SEASHELLS;683.0;13
67200;;;COCONUT_COUPON;SEASHELLS;682.0;12
67400;;;COCONUT;SEASHELLS;10116.0;10
67500;;;COCONUT;SEASHELLS;10117.0;9
67600;;;COCONUT;SEASHELLS;10115.0;7
69300;;;COCONUT_COUPON;SEASHELLS;692.0;15
69600;;;COCONUT_COUPON;SEASHELLS;691.0;20
71700;;;COCONUT_COUPON;SEASHELLS;696.0;18
72400;;;COCONUT;SEASHELLS;10115.0;5
73000;;;COCONUT_COUPON;SEASHELLS;700.0;12
74400;;;COCONUT;SEASHELLS;10114.0;10
74900;;;COCONUT_COUPON;SEASHELLS;691.0;14
75500;;;COCONUT;SEASHELLS;10115.0;5
76000;;;COCONUT_COUPON;SEASHELLS;691.0;1
76000;;;COCONUT_COUPON;SEASHELLS;691.0;16
78500;;;COCONUT_COUPON;SEASHELLS;704.0;14
79400;;;COCONUT;SEASHELLS;10122.0;7
79800;;;COCONUT;SEASHELLS;10120.0;1
80000;;;COCONUT_COUPON;SEASHELLS;703.0;15
80200;;;COCONUT_COUPON;SEASHELLS;703.0;12
81200;;;COCONUT_COUPON;SEASHELLS;706.0;7
81700;;;COCONUT_COUPON;SEASHELLS;709.0;15
81700;;;COCONUT_COUPON;SEASHELLS;709.0;3
82300;;;COCONUT;SEASHELLS;10123.0;3
82600;;;COCONUT;SEASHELLS;10123.0;6
83800;;;COCONUT_COUPON;SEASHELLS;704.0;11
85100;;;COCONUT_COUPON;SEASHELLS;705.0;5
85400;;;COCONUT_COUPON;SEASHELLS;707.0;9
85900;;;COCONUT;SEASHELLS;10129.0;9
86300;;;COCONUT;SEASHELLS;10129.0;10
87000;;;COCONUT;SEASHELLS;10131.0;9
88700;;;COCONUT_COUPON;SEASHELLS;720.0;12
89500;;;COCONUT_COUPON;SEASHELLS;727.0;9
89600;;;COCONUT;SEASHELLS;10141.0;6
89900;;;COCONUT_COUPON;SEASHELLS;726.0;18
90400;;;COCONUT;SEASHELLS;10140.0;6
90400;;;COCONUT_COUPON;SEASHELLS;729.0;10
90700;;;COCONUT_COUPON;SEASHELLS;731.0;2
90700;;;COCONUT_COUPON;SEASHELLS;731.0;15
90800;;;COCONUT;SEASHELLS;10141.0;9
91700;;;COCONUT;SEASHELLS;10140.0;2
92000;;;COCONUT_COUPON;SEASHELLS;733.0;15
92400;;;COCONUT_COUPON;SEASHELLS;735.0;11
92600;;;COCONUT;SEASHELLS;10135.0;9
92900;;;COCONUT;SEASHELLS;10135.0;3
92900;;;COCONUT;SEASHELLS;10135.0;7
93700;;;COCONUT_COUPON;SEASHELLS;732.0;8
94000;;;COCONUT_COUPON;SEASHELLS;730.0;17
95900;;;COCONUT_COUPON;SEASHELLS;728.0;15
98000;;;COCONUT;SEASHELLS;10124.0;1
98200;;;COCONUT;SEASHELLS;10126.0;5
99200;;;COCONUT;SEASHELLS;10129.0;7
99900;;;COCONUT;SEASHELLS;10130.0;2
99900;;;COCONUT_COUPON;SEASHELLS;729.0;8
101200;;;COCONUT;SEASHELLS;10128.0;9
101300;;;COCONUT_COUPON;SEASHELLS;734.0;17
102000;;;COCONUT_COUPON;SEASHELLS;735.0;13
102100;;;COCONUT;SEASHELLS;10127.0;6
102100;;;COCONUT_COUPON;SEASHELLS;735.0;8
102600;;;COCONUT_COUPON;SEASHELLS;736.0;20
104000;;;COCONUT_COUPON;SEASHELLS;740.0;5
104200;;;COCONUT_COUPON;SEASHELLS;740.0;5
104200;;;COCONUT_COUPON;SEASHELLS;740.0;15
105100;;;COCONUT_COUPON;SEASHELLS;736.0;4
105900;;;COCONUT_COUPON;SEASHELLS;737.0;16
106300;;;COCONUT;SEASHELLS;10121.0;9
107000;;;COCONUT_COUPON;SEASHELLS;734.0;17
108400;;;COCONUT_COUPON;SEASHELLS;730.0;16
110400;;;COCONUT;SEASHELLS;10128.0;9
110500;;;COCONUT;SEASHELLS;10129.0;3
111000;;;COCONUT_COUPON;SEASHELLS;732.0;14
111500;;;COCONUT;SEASHELLS;10130.0;2
112000;;;COCONUT_COUPON;SEASHELLS;730.0;18
113600;;;COCONUT_COUPON;SEASHELLS;729.0;16
113900;;;COCONUT_COUPON;SEASHELLS;730.0;7
114300;;;COCONUT;SEASHELLS;10133.0;2
114300;;;COCONUT_COUPON;SEASHELLS;730.0;4
114500;;;COCONUT_COUPON;SEASHELLS;731.0;20
114600;;;COCONUT;SEASHELLS;10134.0;8
115700;;;COCONUT;SEASHELLS;10128.0;6
116400;;;COCONUT;SEASHELLS;10128.0;2
116400;;;COCONUT_COUPON;SEASHELLS;720.0;20
117800;;;COCONUT;SEASHELLS;10126.0;5
120200;;;COCONUT;SEASHELLS;10134.0;7
121000;;;COCONUT_COUPON;SEASHELLS;720.0;20
121700;;;COCONUT_COUPON;SEASHELLS;722.0;11
123000;;;COCONUT;SEASHELLS;10138.0;6
123500;;;COCONUT;SEASHELLS;10140.0;8
127200;;;COCONUT_COUPON;SEASHELLS;722.0;19
127900;;;COCONUT;SEASHELLS;10130.0;7
128900;;;COCONUT_COUPON;SEASHELLS;715.0;12
129100;;;COCONUT_COUPON;SEASHELLS;717.0;15
130400;;;COCONUT_COUPON;SEASHELLS;715.0;12
130400;;;COCONUT;SEASHELLS;10131.0;9
130500;;;COCONUT_COUPON;SEASHELLS;715.0;13
131500;;;COCONUT_COUPON;SEASHELLS;715.0;10
131900;;;COCONUT_COUPON;SEASHELLS;719.0;18
131900;;;COCONUT_COUPON;SEASHELLS;719.0;2
132000;;;COCONUT_COUPON;SEASHELLS;720.0;5
132600;;;COCONUT;SEASHELLS;10134.0;5
132700;;;COCONUT;SEASHELLS;10136.0;10
133200;;;COCONUT_COUPON;SEASHELLS;721.0;16
133700;;;COCONUT;SEASHELLS;10136.0;8
134100;;;COCONUT_COUPON;SEASHELLS;722.0;9
134200;;;COCONUT_COUPON;SEASHELLS;720.0;15
135000;;;COCONUT_COUPON;SEASHELLS;722.0;11
135400;;;COCONUT;SEASHELLS;10132.0;7
136700;;;COCONUT_COUPON;SEASHELLS;720.0;18
136700;;;COCONUT;SEASHELLS;10129.0;2
137300;;;COCONUT;SEASHELLS;10130.0;1
138200;;;COCONUT_COUPON;SEASHELLS;712.0;4
139100;;;COCONUT;SEASHELLS;10129.0;6
139700;;;COCONUT_COUPON;SEASHELLS;720.0;17
139700;;;COCONUT_COUPON;SEASHELLS;720.0;1
140100;;;COCONUT_COUPON;SEASHELLS;720.0;14
143100;;;COCONUT;SEASHELLS;10122.0;2
143100;;;COCONUT_COUPON;SEASHELLS;720.0;20
143200;;;COCONUT;SEASHELLS;10121.0;7
143600;;;COCONUT_COUPON;SEASHELLS;712.0;5
143700;;;COCONUT;SEASHELLS;10115.0;5
143800;;;COCONUT;SEASHELLS;10115.0;8
143900;;;COCONUT_COUPON;SEASHELLS;711.0;11
144400;;;COCONUT_COUPON;SEASHELLS;712.0;14
144800;;;COCONUT_COUPON;SEASHELLS;711.0;13
145800;;;COCONUT_COUPON;SEASHELLS;714.0;17
145900;;;COCONUT_COUPON;SEASHELLS;713.0;4
145900;;;COCONUT_COUPON;SEASHELLS;713.0;16
146100;;;COCONUT_COUPON;SEASHELLS;714.0;10
146600;;;COCONUT;SEASHELLS;10118.0;6
146700;;;COCONUT;SEASHELLS;10118.0;3
146900;;;COCONUT;SEASHELLS;10116.0;2
148400;;;COCONUT;SEASHELLS;10117.0;10
148900;;;COCONUT;SEASHELLS;10115.0;9
149400;;;COCONUT_COUPON;SEASHELLS;708.0;4
149600;;;COCONUT;SEASHELLS;10111.0;1
149600;;;COCONUT;SEASHELLS;10110.0;10
150700;;;COCONUT;SEASHELLS;10108.0;10
151000;;;COCONUT;SEASHELLS;10108.0;7
151400;;;COCONUT_COUPON;SEASHELLS;707.0;19
152300;;;COCONUT;SEASHELLS;10115.0;3
152800;;;COCONUT_COUPON;SEASHELLS;709.0;16
153400;;;COCONUT;SEASHELLS;10114.0;10
153900;;;COCONUT_COUPON;SEASHELLS;712.0;12
154700;;;COCONUT;SEASHELLS;10114.0;6
154800;;;COCONUT_COUPON;SEASHELLS;707.0;9
155200;;;COCONUT_COUPON;SEASHELLS;709.0;13
155300;;;COCONUT_COUPON;SEASHELLS;711.0;12
156000;;;COCONUT_COUPON;SEASHELLS;708.0;19
156200;;;COCONUT_COUPON;SEASHELLS;709.0;6
156500;;;COCONUT_COUPON;SEASHELLS;707.0;11
156900;;;COCONUT_COUPON;SEASHELLS;708.0;4
156900;;;COCONUT_COUPON;SEASHELLS;708.0;15
158000;;;COCONUT;SEASHELLS;10119.0;2
160100;;;COCONUT;SEASHELLS;10115.0;7
161200;;;COCONUT_COUPON;SEASHELLS;714.0;7
161800;;;COCONUT_COUPON;SEASHELLS;714.0;16
162300;;;COCONUT_COUPON;SEASHELLS;714.0;16
162600;;;COCONUT_COUPON;SEASHELLS;712.0;11
162900;;;COCONUT;SEASHELLS;10119.0;9
164500;;;COCONUT;SEASHELLS;10123.0;10
165700;;;COCONUT;SEASHELLS;10118.0;3
165800;;;COCONUT_COUPON;SEASHELLS;709.0;14
166600;;;COCONUT;SEASHELLS;10116.0;5
167800;;;COCONUT_COUPON;SEASHELLS;705.0;17
168300;;;COCONUT_COUPON;SEASHELLS;705.0;10
168300;;;COCONUT;SEASHELLS;10116.0;9
169000;;;COCONUT;SEASHELLS;10118.0;1
169300;;;COCONUT_COUPON;SEASHELLS;712.0;13
172200;;;COCONUT_COUPON;SEASHELLS;715.0;13
172500;;;COCONUT_COUPON;SEASHELLS;713.0;13
172500;;;COCONUT_COUPON;SEASHELLS;714.0;2
172900;;;COCONUT_COUPON;SEASHELLS;714.0;14
173300;;;COCONUT_COUPON;SEASHELLS;714.0;11
173500;;;COCONUT_COUPON;SEASHELLS;715.0;7
176200;;;COCONUT;SEASHELLS;10117.0;7
176200;;;COCONUT_COUPON;SEASHELLS;717.0;19
177800;;;COCONUT_COUPON;SEASHELLS;717.0;15
178200;;;COCONUT_COUPON;SEASHELLS;719.0;6
178300;;;COCONUT_COUPON;SEASHELLS;718.0;10
178400;;;COCONUT_COUPON;SEASHELLS;717.0;14
179300;;;COCONUT_COUPON;SEASHELLS;718.0;18
179400;;;COCONUT;SEASHELLS;10115.0;10
179900;;;COCONUT_COUPON;SEASHELLS;720.0;19
180800;;;COCONUT_COUPON;SEASHELLS;719.0;10
180900;;;COCONUT_COUPON;SEASHELLS;719.0;6
182100;;;COCONUT_COUPON;SEASHELLS;715.0;9
182500;;;COCONUT;SEASHELLS;10108.0;10
183200;;;COCONUT;SEASHELLS;10108.0;2
183500;;;COCONUT_COUPON;SEASHELLS;719.0;14
184000;;;COCONUT;SEASHELLS;10106.0;5
184100;;;COCONUT_COUPON;SEASHELLS;722.0;16
184800;;;COCONUT;SEASHELLS;10107.0;7
184900;;;COCONUT;SEASHELLS;10105.0;7
185900;;;COCONUT;SEASHELLS;10104.0;10
186500;;;COCONUT_COUPON;SEASHELLS;720.0;13
187500;;;COCONUT_COUPON;SEASHELLS;720.0;16
187800;;;COCONUT;SEASHELLS;10107.0;5
188400;;;COCONUT_COUPON;SEASHELLS;714.0;15
188400;;;COCONUT_COUPON;SEASHELLS;714.0;5
188800;;;COCONUT;SEASHELLS;10107.0;3
188900;;;COCONUT;SEASHELLS;10106.0;10
189200;;;COCONUT_COUPON;SEASHELLS;715.0;17
189500;;;COCONUT;SEASHELLS;10104.0;5
191100;;;COCONUT_COUPON;SEASHELLS;708.0;1
191100;;;COCONUT_COUPON;SEASHELLS;708.0;19
191200;;;COCONUT_COUPON;SEASHELLS;709.0;16
192400;;;COCONUT_COUPON;SEASHELLS;706.0;17
192900;;;COCONUT_COUPON;SEASHELLS;702.0;10
193000;;;COCONUT_COUPON;SEASHELLS;700.0;16
193000;;;COCONUT_COUPON;SEASHELLS;700.0;4
193600;;;COCONUT_COUPON;SEASHELLS;702.0;14
193900;;;COCONUT;SEASHELLS;10097.0;10
194400;;;COCONUT;SEASHELLS;10100.0;5
194600;;;COCONUT;SEASHELLS;10100.0;8
195000;;;COCONUT_COUPON;SEASHELLS;703.0;4
195900;;;COCONUT_COUPON;SEASHELLS;705.0;15
196500;;;COCONUT_COUPON;SEASHELLS;703.0;12
197300;;;COCONUT_COUPON;SEASHELLS;696.0;16
197300;;;COCONUT_COUPON;SEASHELLS;696.0;1
197500;;;COCONUT;SEASHELLS;10093.0;9
197800;;;COCONUT_COUPON;SEASHELLS;692.0;10
197900;;;COCONUT_COUPON;SEASHELLS;694.0;5
200300;;;COCONUT_COUPON;SEASHELLS;692.0;11
200700;;;COCONUT;SEASHELLS;10093.0;10
200700;;;COCONUT;SEASHELLS;10093.0;5
200900;;;COCONUT;SEASHELLS;10094.0;6
201100;;;COCONUT;SEASHELLS;10095.0;8
201200;;;COCONUT_COUPON;SEASHELLS;689.0;19
201400;;;COCONUT_COUPON;SEASHELLS;687.0;15
201400;;;COCONUT_COUPON;SEASHELLS;687.0;2
202100;;;COCONUT;SEASHELLS;10095.0;1
202600;;;COCONUT_COUPON;SEASHELLS;687.0;2
202600;;;COCONUT_COUPON;SEASHELLS;687.0;15
203000;;;COCONUT_COUPON;SEASHELLS;687.0;19
204100;;;COCONUT;SEASHELLS;10098.0;6
204900;;;COCONUT_COUPON;SEASHELLS;693.0;10
205700;;;COCONUT;SEASHELLS;10097.0;7
205800;;;COCONUT;SEASHELLS;10096.0;8
205900;;;COCONUT_COUPON;SEASHELLS;697.0;15
206200;;;COCONUT_COUPON;SEASHELLS;697.0;10
206500;;;COCONUT_COUPON;SEASHELLS;699.0;16
208200;;;COCONUT_COUPON;SEASHELLS;701.0;19
208600;;;COCONUT_COUPON;SEASHELLS;699.0;13
209100;;;COCONUT_COUPON;SEASHELLS;701.0;7
209500;;;COCONUT;SEASHELLS;10099.0;10
209600;;;COCONUT;SEASHELLS;10099.0;9
209600;;;COCONUT_COUPON;SEASHELLS;702.0;10
209700;;;COCONUT;SEASHELLS;10096.0;10
209900;;;COCONUT_COUPON;SEASHELLS;700.0;16
210300;;;COCONUT;SEASHELLS;10102.0;2
211100;;;COCONUT_COUPON;SEASHELLS;702.0;8
211300;;;COCONUT;SEASHELLS;10103.0;10
211500;;;COCONUT_COUPON;SEASHELLS;704.0;5
211800;;;COCONUT_COUPON;SEASHELLS;706.0;20
212900;;;COCONUT_COUPON;SEASHELLS;709.0;15
213200;;;COCONUT_COUPON;SEASHELLS;706.0;15
213400;;;COCONUT;SEASHELLS;10101.0;6
213700;;;COCONUT_COUPON;SEASHELLS;705.0;16
214200;;;COCONUT_COUPON;SEASHELLS;707.0;15
214600;;;COCONUT_COUPON;SEASHELLS;706.0;20
215100;;;COCONUT;SEASHELLS;10107.0;1
215900;;;COCONUT;SEASHELLS;10103.0;9
217100;;;COCONUT_COUPON;SEASHELLS;705.0;14
217700;;;COCONUT;SEASHELLS;10102.0;3
217700;;;COCONUT_COUPON;SEASHELLS;707.0;13
218700;;;COCONUT_COUPON;SEASHELLS;709.0;13
218800;;;COCONUT_COUPON;SEASHELLS;709.0;15
219300;;;COCONUT;SEASHELLS;10094.0;8
219700;;;COCONUT_COUPON;SEASHELLS;703.0;14
220900;;;COCONUT_COUPON;SEASHELLS;712.0;15
221100;;;COCONUT_COUPON;SEASHELLS;714.0;20
221600;;;COCONUT;SEASHELLS;10101.0;8
222300;;;COCONUT_COUPON;SEASHELLS;717.0;20
222300;;;COCONUT;SEASHELLS;10103.0;7
223300;;;COCONUT_COUPON;SEASHELLS;716.0;15
224100;;;COCONUT_COUPON;SEASHELLS;714.0;15
224100;;;COCONUT_COUPON;SEASHELLS;714.0;5
224200;;;COCONUT_COUPON;SEASHELLS;714.0;14
224900;;;COCONUT_COUPON;SEASHELLS;708.0;17
225200;;;COCONUT_COUPON;SEASHELLS;707.0;12
225600;;;COCONUT_COUPON;SEASHELLS;707.0;10
226800;;;COCONUT;SEASHELLS;10099.0;10
228000;;;COCONUT_COUPON;SEASHELLS;695.0;7
228100;;;COCONUT;SEASHELLS;10094.0;10
228200;;;COCONUT;SEASHELLS;10095.0;9
228500;;;COCONUT_COUPON;SEASHELLS;696.0;17
229700;;;COCONUT_COUPON;SEASHELLS;698.0;15
231400;;;COCONUT_COUPON;SEASHELLS;689.0;17
231600;;;COCONUT_COUPON;SEASHELLS;690.0;14
232000;;;COCONUT;SEASHELLS;10099.0;7
232900;;;COCONUT;SEASHELLS;10102.0;9
233700;;;COCONUT_COUPON;SEASHELLS;684.0;9
233900;;;COCONUT;SEASHELLS;10101.0;8
234800;;;COCONUT_COUPON;SEASHELLS;684.0;15
234800;;;COCONUT_COUPON;SEASHELLS;684.0;5
234800;;;COCONUT;SEASHELLS;10104.0;8
234900;;;COCONUT_COUPON;SEASHELLS;686.0;15
235400;;;COCONUT_COUPON;SEASHELLS;684.0;4
236000;;;COCONUT_COUPON;SEASHELLS;685.0;11
236400;;;COCONUT_COUPON;SEASHELLS;687.0;11
236800;;;COCONUT_COUPON;SEASHELLS;686.0;17
237400;;;COCONUT_COUPON;SEASHELLS;686.0;19
237600;;;COCONUT;SEASHELLS;10105.0;6
237800;;;COCONUT_COUPON;SEASHELLS;682.0;13
238800;;;COCONUT_COUPON;SEASHELLS;682.0;5
239000;;;COCONUT_COUPON;SEASHELLS;680.0;13
239300;;;COCONUT_COUPON;SEASHELLS;682.0;20
239400;;;COCONUT_COUPON;SEASHELLS;683.0;2
239400;;;COCONUT_COUPON;SEASHELLS;683.0;16
239900;;;COCONUT_COUPON;SEASHELLS;683.0;16
240000;;;COCONUT;SEASHELLS;10095.0;2
240200;;;COCONUT_COUPON;SEASHELLS;682.0;10
240800;;;COCONUT_COUPON;SEASHELLS;685.0;20
241800;;;COCONUT;SEASHELLS;10094.0;9
242000;;;COCONUT_COUPON;SEASHELLS;680.0;14
242300;;;COCONUT_COUPON;SEASHELLS;678.0;9
242300;;;COCONUT;SEASHELLS;10094.0;7
243600;;;COCONUT_COUPON;SEASHELLS;673.0;10
244200;;;COCONUT_COUPON;SEASHELLS;670.0;15
244200;;;COCONUT;SEASHELLS;10096.0;5
245000;;;COCONUT_COUPON;SEASHELLS;672.0;17
246200;;;COCONUT_COUPON;SEASHELLS;670.0;17
246300;;;COCONUT_COUPON;SEASHELLS;671.0;12
246400;;;COCONUT;SEASHELLS;10087.0;10
246800;;;COCONUT;SEASHELLS;10092.0;9
247000;;;COCONUT;SEASHELLS;10092.0;9
247900;;;COCONUT_COUPON;SEASHELLS;671.0;14
248100;;;COCONUT_COUPON;SEASHELLS;671.0;16
248800;;;COCONUT_COUPON;SEASHELLS;675.0;16
249100;;;COCONUT_COUPON;SEASHELLS;676.0;15
249200;;;COCONUT;SEASHELLS;10093.0;5
249300;;;COCONUT;SEASHELLS;10092.0;10
250300;;;COCONUT_COUPON;SEASHELLS;682.0;16
250800;;;COCONUT_COUPON;SEASHELLS;679.0;15
251200;;;COCONUT_COUPON;SEASHELLS;679.0;12
252000;;;COCONUT;SEASHELLS;10084.0;5
252600;;;COCONUT;SEASHELLS;10080.0;9
252600;;;COCONUT_COUPON;SEASHELLS;674.0;14
252700;;;COCONUT_COUPON;SEASHELLS;672.0;14
253100;;;COCONUT;SEASHELLS;10079.0;7
255800;;;COCONUT_COUPON;SEASHELLS;673.0;19
256000;;;COCONUT;SEASHELLS;10081.0;1
256800;;;COCONUT_COUPON;SEASHELLS;673.0;15
257000;;;COCONUT;SEASHELLS;10077.0;3
257000;;;COCONUT_COUPON;SEASHELLS;672.0;6
257500;;;COCONUT;SEASHELLS;10081.0;8
257800;;;COCONUT_COUPON;SEASHELLS;677.0;1
257800;;;COCONUT_COUPON;SEASHELLS;677.0;16
257800;;;COCONUT_COUPON;SEASHELLS;678.0;7
258000;;;COCONUT;SEASHELLS;10078.0;9
258000;;;COCONUT_COUPON;SEASHELLS;676.0;8
258600;;;COCONUT_COUPON;SEASHELLS;675.0;16
258700;;;COCONUT;SEASHELLS;10081.0;9
259000;;;COCONUT;SEASHELLS;10076.0;10
260000;;;COCONUT;SEASHELLS;10079.0;9
260400;;;COCONUT_COUPON;SEASHELLS;670.0;17
261100;;;COCONUT_COUPON;SEASHELLS;667.0;17
262000;;;COCONUT_COUPON;SEASHELLS;666.0;12
262300;;;COCONUT_COUPON;SEASHELLS;662.0;15
262400;;;COCONUT;SEASHELLS;10066.0;1
263100;;;COCONUT;SEASHELLS;10067.0;3
263300;;;COCONUT;SEASHELLS;10069.0;10
263800;;;COCONUT_COUPON;SEASHELLS;666.0;8
264000;;;COCONUT;SEASHELLS;10075.0;6
264400;;;COCONUT;SEASHELLS;10074.0;7
265300;;;COCONUT_COUPON;SEASHELLS;665.0;20
265300;;;COCONUT_COUPON;SEASHELLS;664.0;19
265700;;;COCONUT_COUPON;SEASHELLS;665.0;16
265800;;;COCONUT;SEASHELLS;10076.0;1
266100;;;COCONUT_COUPON;SEASHELLS;664.0;11
266500;;;COCONUT_COUPON;SEASHELLS;662.0;11
267100;;;COCONUT_COUPON;SEASHELLS;664.0;14
267800;;;COCONUT_COUPON;SEASHELLS;665.0;18
267800;;;COCONUT;SEASHELLS;10069.0;10
268200;;;COCONUT_COUPON;SEASHELLS;662.0;14
268500;;;COCONUT;SEASHELLS;10067.0;5
269100;;;COCONUT_COUPON;SEASHELLS;661.0;18
269700;;;COCONUT;SEASHELLS;10072.0;1
271300;;;COCONUT_COUPON;SEASHELLS;668.0;16
271300;;;COCONUT_COUPON;SEASHELLS;668.0;1
271800;;;COCONUT;SEASHELLS;10075.0;7
273300;;;COCONUT;SEASHELLS;10072.0;10
273400;;;COCONUT;SEASHELLS;10073.0;8
273700;;;COCONUT_COUPON;SEASHELLS;671.0;10
274000;;;COCONUT_COUPON;SEASHELLS;671.0;10
274100;;;COCONUT_COUPON;SEASHELLS;671.0;12
274200;;;COCONUT_COUPON;SEASHELLS;671.0;18
275000;;;COCONUT_COUPON;SEASHELLS;669.0;10
275000;;;COCONUT;SEASHELLS;10080.0;5
275400;;;COCONUT;SEASHELLS;10079.0;6
276700;;;COCONUT_COUPON;SEASHELLS;671.0;15
277100;;;COCONUT_COUPON;SEASHELLS;671.0;7
277800;;;COCONUT_COUPON;SEASHELLS;673.0;15
277800;;;COCONUT_COUPON;SEASHELLS;673.0;5
278300;;;COCONUT_COUPON;SEASHELLS;678.0;9
278300;;;COCONUT;SEASHELLS;10088.0;8
278700;;;COCONUT_COUPON;SEASHELLS;683.0;15
278700;;;COCONUT_COUPON;SEASHELLS;683.0;3
278700;;;COCONUT_COUPON;SEASHELLS;682.0;14
279100;;;COCONUT;SEASHELLS;10094.0;9
280300;;;COCONUT_COUPON;SEASHELLS;691.0;8
280400;;;COCONUT_COUPON;SEASHELLS;689.0;12
281300;;;COCONUT;SEASHELLS;10084.0;6
281400;;;COCONUT;SEASHELLS;10085.0;9
282900;;;COCONUT_COUPON;SEASHELLS;690.0;12
284800;;;COCONUT_COUPON;SEASHELLS;694.0;18
284800;;;COCONUT_COUPON;SEASHELLS;693.0;12
284900;;;COCONUT_COUPON;SEASHELLS;692.0;4
284900;;;COCONUT_COUPON;SEASHELLS;692.0;16
285500;;;COCONUT;SEASHELLS;10078.0;3
285700;;;COCONUT;SEASHELLS;10077.0;1
286100;;;COCONUT_COUPON;SEASHELLS;689.0;15
286700;;;COCONUT;SEASHELLS;10080.0;8
287200;;;COCONUT;SEASHELLS;10077.0;6
287600;;;COCONUT;SEASHELLS;10077.0;10
288400;;;COCONUT;SEASHELLS;10077.0;7
289500;;;COCONUT;SEASHELLS;10073.0;3
290300;;;COCONUT_COUPON;SEASHELLS;699.0;14
290300;;;COCONUT;SEASHELLS;10078.0;8
290800;;;COCONUT;SEASHELLS;10079.0;7
291300;;;COCONUT;SEASHELLS;10075.0;7
291700;;;COCONUT_COUPON;SEASHELLS;692.0;15
291800;;;COCONUT_COUPON;SEASHELLS;691.0;19
292000;;;COCONUT_COUPON;SEASHELLS;691.0;8
293000;;;COCONUT;SEASHELLS;10077.0;2
293300;;;COCONUT_COUPON;SEASHELLS;695.0;17
293800;;;COCONUT_COUPON;SEASHELLS;689.0;10
294000;;;COCONUT_COUPON;SEASHELLS;689.0;18
294700;;;COCONUT;SEASHELLS;10066.0;9
295000;;;COCONUT_COUPON;SEASHELLS;683.0;6
295100;;;COCONUT_COUPON;SEASHELLS;684.0;13
295200;;;COCONUT_COUPON;SEASHELLS;682.0;15
296900;;;COCONUT_COUPON;SEASHELLS;682.0;10
297400;;;COCONUT_COUPON;SEASHELLS;685.0;16
298300;;;COCONUT;SEASHELLS;10068.0;1
298500;;;COCONUT_COUPON;SEASHELLS;691.0;13
299200;;;COCONUT_COUPON;SEASHELLS;689.0;17
299500;;;COCONUT_COUPON;SEASHELLS;688.0;16
299900;;;COCONUT_COUPON;SEASHELLS;686.0;19
300500;;;COCONUT;SEASHELLS;10066.0;5
301900;;;COCONUT_COUPON;SEASHELLS;678.0;16
302200;;;COCONUT_COUPON;SEASHELLS;679.0;18
302200;;;COCONUT_COUPON;SEASHELLS;679.0;1
303500;;;COCONUT_COUPON;SEASHELLS;681.0;11
304200;;;COCONUT;SEASHELLS;10066.0;5
305100;;;COCONUT_COUPON;SEASHELLS;678.0;19
305200;;;COCONUT_COUPON;SEASHELLS;678.0;8
305400;;;COCONUT_COUPON;SEASHELLS;678.0;17
306700;;;COCONUT;SEASHELLS;10067.0;5
307100;;;COCONUT_COUPON;SEASHELLS;686.0;9
307200;;;COCONUT;SEASHELLS;10067.0;2
307800;;;COCONUT_COUPON;SEASHELLS;685.0;18
307900;;;COCONUT;SEASHELLS;10063.0;3
308000;;;COCONUT_COUPON;SEASHELLS;686.0;16
308200;;;COCONUT_COUPON;SEASHELLS;686.0;14
309400;;;COCONUT_COUPON;SEASHELLS;694.0;17
309400;;;COCONUT_COUPON;SEASHELLS;694.0;3
309600;;;COCONUT_COUPON;SEASHELLS;694.0;10
309900;;;COCONUT_COUPON;SEASHELLS;696.0;14
310100;;;COCONUT_COUPON;SEASHELLS;695.0;9
310600;;;COCONUT;SEASHELLS;10069.0;6
311600;;;COCONUT_COUPON;SEASHELLS;696.0;6
312800;;;COCONUT;SEASHELLS;10075.0;10
313200;;;COCONUT_COUPON;SEASHELLS;696.0;20
314600;;;COCONUT_COUPON;SEASHELLS;703.0;17
314700;;;COCONUT_COUPON;SEASHELLS;701.0;12
315000;;;COCONUT_COUPON;SEASHELLS;706.0;10
315000;;;COCONUT;SEASHELLS;10082.0;5
315300;;;COCONUT_COUPON;SEASHELLS;704.0;18
315700;;;COCONUT_COUPON;SEASHELLS;700.0;16
316300;;;COCONUT_COUPON;SEASHELLS;700.0;16
316400;;;COCONUT;SEASHELLS;10083.0;1
316900;;;COCONUT;SEASHELLS;10083.0;7
317100;;;COCONUT_COUPON;SEASHELLS;703.0;19
317200;;;COCONUT_COUPON;SEASHELLS;705.0;11
317300;;;COCONUT;SEASHELLS;10085.0;1
317500;;;COCONUT_COUPON;SEASHELLS;704.0;19
318100;;;COCONUT;SEASHELLS;10081.0;9
318700;;;COCONUT_COUPON;SEASHELLS;702.0;6
319400;;;COCONUT;SEASHELLS;10086.0;6
320200;;;COCONUT_COUPON;SEASHELLS;711.0;12
320500;;;COCONUT_COUPON;SEASHELLS;706.0;15
320600;;;COCONUT;SEASHELLS;10092.0;9
321000;;;COCONUT_COUPON;SEASHELLS;706.0;17
321100;;;COCONUT_COUPON;SEASHELLS;704.0;9
321800;;;COCONUT_COUPON;SEASHELLS;705.0;19
321800;;;COCONUT;SEASHELLS;10089.0;1
322000;;;COCONUT_COUPON;SEASHELLS;705.0;9
322500;;;COCONUT_COUPON;SEASHELLS;704.0;19
323800;;;COCONUT_COUPON;SEASHELLS;701.0;16
323900;;;COCONUT;SEASHELLS;10085.0;6
325700;;;COCONUT;SEASHELLS;10085.0;8
326500;;;COCONUT;SEASHELLS;10089.0;8
326900;;;COCONUT_COUPON;SEASHELLS;692.0;17
327200;;;COCONUT;SEASHELLS;10088.0;1
327600;;;COCONUT;SEASHELLS;10085.0;1
327900;;;COCONUT;SEASHELLS;10082.0;1
329000;;;COCONUT_COUPON;SEASHELLS;683.0;2
329600;;;COCONUT;SEASHELLS;10079.0;3
331200;;;COCONUT_COUPON;SEASHELLS;676.0;14
331500;;;COCONUT_COUPON;SEASHELLS;676.0;17
332100;;;COCONUT_COUPON;SEASHELLS;677.0;17
332700;;;COCONUT_COUPON;SEASHELLS;680.0;20
333700;;;COCONUT_COUPON;SEASHELLS;679.0;16
334300;;;COCONUT;SEASHELLS;10077.0;2
335200;;;COCONUT_COUPON;SEASHELLS;673.0;20
336000;;;COCONUT;SEASHELLS;10075.0;9
338100;;;COCONUT_COUPON;SEASHELLS;671.0;16
339200;;;COCONUT;SEASHELLS;10083.0;1
339300;;;COCONUT;SEASHELLS;10083.0;6
340100;;;COCONUT_COUPON;SEASHELLS;672.0;11
341500;;;COCONUT_COUPON;SEASHELLS;669.0;10
342100;;;COCONUT_COUPON;SEASHELLS;668.0;15
343500;;;COCONUT_COUPON;SEASHELLS;661.0;10
343600;;;COCONUT_COUPON;SEASHELLS;663.0;20
343800;;;COCONUT_COUPON;SEASHELLS;659.0;15
345200;;;COCONUT;SEASHELLS;10081.0;5
345500;;;COCONUT_COUPON;SEASHELLS;656.0;14
345700;;;COCONUT_COUPON;SEASHELLS;659.0;20
346400;;;COCONUT;SEASHELLS;10081.0;8
347700;;;COCONUT_COUPON;SEASHELLS;652.0;10
348200;;;COCONUT_COUPON;SEASHELLS;652.0;13
348600;;;COCONUT_COUPON;SEASHELLS;651.0;5
349400;;;COCONUT_COUPON;SEASHELLS;651.0;16
349600;;;COCONUT_COUPON;SEASHELLS;650.0;9
349700;;;COCONUT_COUPON;SEASHELLS;651.0;11
349900;;;COCONUT_COUPON;SEASHELLS;653.0;3
349900;;;COCONUT_COUPON;SEASHELLS;653.0;16
350000;;;COCONUT_COUPON;SEASHELLS;652.0;11
350300;;;COCONUT_COUPON;SEASHELLS;655.0;10
350800;;;COCONUT_COUPON;SEASHELLS;658.0;15
351100;;;COCONUT;SEASHELLS;10083.0;10
353400;;;COCONUT_COUPON;SEASHELLS;659.0;4
353400;;;COCONUT_COUPON;SEASHELLS;659.0;16
353800;;;COCONUT_COUPON;SEASHELLS;655.0;12
354000;;;COCONUT_COUPON;SEASHELLS;656.0;14
354000;;;COCONUT;SEASHELLS;10080.0;7
354200;;;COCONUT;SEASHELLS;10081.0;8
354200;;;COCONUT_COUPON;SEASHELLS;657.0;13
355300;;;COCONUT;SEASHELLS;10086.0;10
355500;;;COCONUT;SEASHELLS;10089.0;7
355500;;;COCONUT_COUPON;SEASHELLS;665.0;19
355800;;;COCONUT_COUPON;SEASHELLS;664.0;9
356300;;;COCONUT;SEASHELLS;10088.0;8
356500;;;COCONUT_COUPON;SEASHELLS;662.0;2
356900;;;COCONUT_COUPON;SEASHELLS;663.0;14
357200;;;COCONUT_COUPON;SEASHELLS;662.0;11
357600;;;COCONUT;SEASHELLS;10081.0;7
358100;;;COCONUT;SEASHELLS;10081.0;9
358500;;;COCONUT_COUPON;SEASHELLS;668.0;12
358600;;;COCONUT_COUPON;SEASHELLS;666.0;13
358700;;;COCONUT_COUPON;SEASHELLS;667.0;14
358900;;;COCONUT;SEASHELLS;10084.0;2
359600;;;COCONUT_COUPON;SEASHELLS;671.0;16
362900;;;COCONUT_COUPON;SEASHELLS;677.0;11
363300;;;COCONUT_COUPON;SEASHELLS;673.0;12
363500;;;COCONUT_COUPON;SEASHELLS;672.0;12
364100;;;COCONUT_COUPON;SEASHELLS;674.0;1
364100;;;COCONUT_COUPON;SEASHELLS;674.0;17
364300;;;COCONUT;SEASHELLS;10082.0;10
366200;;;COCONUT_COUPON;SEASHELLS;673.0;11
366500;;;COCONUT_COUPON;SEASHELLS;674.0;7
366600;;;COCONUT;SEASHELLS;10081.0;7
366800;;;COCONUT_COUPON;SEASHELLS;674.0;6
366900;;;COCONUT;SEASHELLS;10076.0;5
367900;;;COCONUT_COUPON;SEASHELLS;666.0;11
367900;;;COCONUT;SEASHELLS;10074.0;10
368200;;;COCONUT_COUPON;SEASHELLS;668.0;12
370700;;;COCONUT;SEASHELLS;10077.0;6
370800;;;COCONUT_COUPON;SEASHELLS;671.0;11
371300;;;COCONUT;SEASHELLS;10075.0;2
371700;;;COCONUT_COUPON;SEASHELLS;669.0;4
371700;;;COCONUT_COUPON;SEASHELLS;669.0;16
371800;;;COCONUT;SEASHELLS;10074.0;6
372200;;;COCONUT_COUPON;SEASHELLS;669.0;8
372300;;;COCONUT_COUPON;SEASHELLS;669.0;17
372700;;;COCONUT_COUPON;SEASHELLS;667.0;12
373200;;;COCONUT;SEASHELLS;10072.0;2
373300;;;COCONUT;SEASHELLS;10071.0;6
373800;;;COCONUT_COUPON;SEASHELLS;667.0;17
373900;;;COCONUT;SEASHELLS;10073.0;10
374400;;;COCONUT;SEASHELLS;10071.0;7
375900;;;COCONUT;SEASHELLS;10072.0;2
377000;;;COCONUT_COUPON;SEASHELLS;665.0;19
377400;;;COCONUT_COUPON;SEASHELLS;661.0;4
377400;;;COCONUT_COUPON;SEASHELLS;661.0;15
379100;;;COCONUT;SEASHELLS;10078.0;6
379100;;;COCONUT_COUPON;SEASHELLS;659.0;15
379200;;;COCONUT;SEASHELLS;10077.0;10
379400;;;COCONUT;SEASHELLS;10076.0;8
379800;;;COCONUT;SEASHELLS;10073.0;9
381000;;;COCONUT_COUPON;SEASHELLS;658.0;1
381000;;;COCONUT_COUPON;SEASHELLS;658.0;18
381300;;;COCONUT;SEASHELLS;10075.0;8
382300;;;COCONUT;SEASHELLS;10075.0;8
382900;;;COCONUT_COUPON;SEASHELLS;661.0;13
383000;;;COCONUT_COUPON;SEASHELLS;660.0;19
383400;;;COCONUT_COUPON;SEASHELLS;664.0;13
383700;;;COCONUT;SEASHELLS;10079.0;7
383800;;;COCONUT_COUPON;SEASHELLS;658.0;17
384300;;;COCONUT_COUPON;SEASHELLS;661.0;17
384700;;;COCONUT_COUPON;SEASHELLS;657.0;12
385100;;;COCONUT_COUPON;SEASHELLS;658.0;17
386100;;;COCONUT;SEASHELLS;10082.0;8
386100;;;COCONUT_COUPON;SEASHELLS;661.0;7
387100;;;COCONUT_COUPON;SEASHELLS;665.0;12
387700;;;COCONUT;SEASHELLS;10085.0;1
387700;;;COCONUT_COUPON;SEASHELLS;667.0;17
389600;;;COCONUT_COUPON;SEASHELLS;663.0;6
389800;;;COCONUT;SEASHELLS;10085.0;7
389900;;;COCONUT;SEASHELLS;10084.0;5
390600;;;COCONUT;SEASHELLS;10089.0;6
391300;;;COCONUT;SEASHELLS;10092.0;5
392000;;;COCONUT;SEASHELLS;10092.0;7
392200;;;COCONUT;SEASHELLS;10093.0;9
392800;;;COCONUT;SEASHELLS;10093.0;8
392800;;;COCONUT_COUPON;SEASHELLS;665.0;19
393000;;;COCONUT_COUPON;SEASHELLS;665.0;11
393100;;;COCONUT_COUPON;SEASHELLS;666.0;10
393500;;;COCONUT_COUPON;SEASHELLS;670.0;16
394300;;;COCONUT_COUPON;SEASHELLS;672.0;17
396800;;;COCONUT;SEASHELLS;10105.0;10
398300;;;COCONUT;SEASHELLS;10100.0;2
399200;;;COCONUT_COUPON;SEASHELLS;661.0;10
401000;;;COCONUT_COUPON;SEASHELLS;658.0;9
401300;;;COCONUT_COUPON;SEASHELLS;658.0;16
401500;;;COCONUT_COUPON;SEASHELLS;659.0;12
401900;;;COCONUT;SEASHELLS;10094.0;5
401900;;;COCONUT_COUPON;SEASHELLS;655.0;5
402000;;;COCONUT_COUPON;SEASHELLS;656.0;15
402100;;;COCONUT_COUPON;SEASHELLS;658.0;15
402100;;;COCONUT_COUPON;SEASHELLS;658.0;2
402300;;;COCONUT;SEASHELLS;10096.0;8
402400;;;COCONUT_COUPON;SEASHELLS;660.0;12
402500;;;COCONUT;SEASHELLS;10098.0;6
403400;;;COCONUT_COUPON;SEASHELLS;658.0;13
404400;;;COCONUT_COUPON;SEASHELLS;663.0;15
405200;;;COCONUT_COUPON;SEASHELLS;666.0;13
405500;;;COCONUT;SEASHELLS;10103.0;7
405700;;;COCONUT;SEASHELLS;10100.0;5
405800;;;COCONUT;SEASHELLS;10100.0;8
406400;;;COCONUT_COUPON;SEASHELLS;674.0;15
406800;;;COCONUT;SEASHELLS;10103.0;10
407100;;;COCONUT_COUPON;SEASHELLS;677.0;13
407800;;;COCONUT_COUPON;SEASHELLS;677.0;10
410100;;;COCONUT_COUPON;SEASHELLS;687.0;16
410500;;;COCONUT_COUPON;SEASHELLS;690.0;15
410800;;;COCONUT;SEASHELLS;10113.0;10
410900;;;COCONUT;SEASHELLS;10115.0;8
412300;;;COCONUT_COUPON;SEASHELLS;696.0;10
413100;;;COCONUT_COUPON;SEASHELLS;698.0;12
413800;;;COCONUT_COUPON;SEASHELLS;699.0;11
414400;;;COCONUT_COUPON;SEASHELLS;703.0;19
414600;;;COCONUT_COUPON;SEASHELLS;702.0;20
415600;;;COCONUT_COUPON;SEASHELLS;703.0;11
417500;;;COCONUT_COUPON;SEASHELLS;705.0;10
418200;;;COCONUT;SEASHELLS;10118.0;8
418300;;;COCONUT_COUPON;SEASHELLS;704.0;10
419500;;;COCONUT_COUPON;SEASHELLS;704.0;2
420000;;;COCONUT;SEASHELLS;10110.0;10
420600;;;COCONUT;SEASHELLS;10108.0;8
421500;;;COCONUT_COUPON;SEASHELLS;696.0;14
421900;;;COCONUT_COUPON;SEASHELLS;695.0;13
422400;;;COCONUT_COUPON;SEASHELLS;693.0;12
424400;;;COCONUT;SEASHELLS;10109.0;10
425300;;;COCONUT_COUPON;SEASHELLS;693.0;11
425900;;;COCONUT;SEASHELLS;10103.0;5
426300;;;COCONUT_COUPON;SEASHELLS;693.0;5
426600;;;COCONUT;SEASHELLS;10105.0;5
426600;;;COCONUT_COUPON;SEASHELLS;696.0;17
427700;;;COCONUT;SEASHELLS;10107.0;8
427800;;;COCONUT_COUPON;SEASHELLS;693.0;11
428000;;;COCONUT;SEASHELLS;10103.0;9
428600;;;COCONUT_COUPON;SEASHELLS;694.0;4
428800;;;COCONUT_COUPON;SEASHELLS;695.0;11
429500;;;COCONUT_COUPON;SEASHELLS;694.0;14
431600;;;COCONUT;SEASHELLS;10104.0;7
431700;;;COCONUT_COUPON;SEASHELLS;693.0;12
432700;;;COCONUT;SEASHELLS;10104.0;3
432900;;;COCONUT_COUPON;SEASHELLS;697.0;18
433300;;;COCONUT;SEASHELLS;10106.0;8
434800;;;COCONUT_COUPON;SEASHELLS;693.0;11
435200;;;COCONUT_COUPON;SEASHELLS;693.0;10
435600;;;COCONUT_COUPON;SEASHELLS;697.0;13
435700;;;COCONUT_COUPON;SEASHELLS;699.0;2
435700;;;COCONUT_COUPON;SEASHELLS;699.0;16
436000;;;COCONUT;SEASHELLS;10104.0;9
436400;;;COCONUT;SEASHELLS;10107.0;1
436500;;;COCONUT_COUPON;SEASHELLS;700.0;15
437100;;;COCONUT_COUPON;SEASHELLS;694.0;8
438200;;;COCONUT;SEASHELLS;10097.0;9
438800;;;COCONUT;SEASHELLS;10096.0;9
439400;;;COCONUT_COUPON;SEASHELLS;688.0;12
440200;;;COCONUT;SEASHELLS;10096.0;7
440500;;;COCONUT_COUPON;SEASHELLS;684.0;11
441100;;;COCONUT_COUPON;SEASHELLS;683.0;7
441300;;;COCONUT;SEASHELLS;10096.0;5
441600;;;COCONUT_COUPON;SEASHELLS;685.0;15
442000;;;COCONUT_COUPON;SEASHELLS;685.0;20
442000;;;COCONUT;SEASHELLS;10096.0;7
442100;;;COCONUT_COUPON;SEASHELLS;684.0;16
442900;;;COCONUT_COUPON;SEASHELLS;678.0;10
443400;;;COCONUT;SEASHELLS;10093.0;8
443700;;;COCONUT_COUPON;SEASHELLS;675.0;11
443800;;;COCONUT;SEASHELLS;10094.0;7
444500;;;COCONUT_COUPON;SEASHELLS;678.0;19
445000;;;COCONUT_COUPON;SEASHELLS;677.0;11
445500;;;COCONUT_COUPON;SEASHELLS;674.0;11
446800;;;COCONUT_COUPON;SEASHELLS;677.0;8
448300;;;COCONUT_COUPON;SEASHELLS;680.0;10
449100;;;COCONUT;SEASHELLS;10097.0;2
449600;;;COCONUT_COUPON;SEASHELLS;677.0;2
449600;;;COCONUT_COUPON;SEASHELLS;677.0;16
449700;;;COCONUT_COUPON;SEASHELLS;678.0;12
449900;;;COCONUT_COUPON;SEASHELLS;676.0;1
449900;;;COCONUT_COUPON;SEASHELLS;676.0;17
450400;;;COCONUT_COUPON;SEASHELLS;675.0;18
451000;;;COCONUT;SEASHELLS;10091.0;5
451700;;;COCONUT_COUPON;SEASHELLS;672.0;13
451800;;;COCONUT_COUPON;SEASHELLS;673.0;13
453900;;;COCONUT_COUPON;SEASHELLS;675.0;13
454300;;;COCONUT;SEASHELLS;10093.0;1
456300;;;COCONUT_COUPON;SEASHELLS;668.0;15
456800;;;COCONUT_COUPON;SEASHELLS;663.0;10
457200;;;COCONUT_COUPON;SEASHELLS;662.0;8
458500;;;COCONUT_COUPON;SEASHELLS;657.0;20
459100;;;COCONUT_COUPON;SEASHELLS;659.0;16
460200;;;COCONUT;SEASHELLS;10078.0;5
461400;;;COCONUT_COUPON;SEASHELLS;665.0;12
461600;;;COCONUT_COUPON;SEASHELLS;665.0;16
463700;;;COCONUT_COUPON;SEASHELLS;662.0;8
464600;;;COCONUT;SEASHELLS;10081.0;3
464800;;;COCONUT_COUPON;SEASHELLS;667.0;10
465000;;;COCONUT;SEASHELLS;10080.0;5
465400;;;COCONUT_COUPON;SEASHELLS;665.0;13
465600;;;COCONUT;SEASHELLS;10081.0;2
466800;;;COCONUT_COUPON;SEASHELLS;662.0;15
467600;;;COCONUT_COUPON;SEASHELLS;660.0;17
467800;;;COCONUT_COUPON;SEASHELLS;661.0;15
467800;;;COCONUT_COUPON;SEASHELLS;661.0;5
468100;;;COCONUT_COUPON;SEASHELLS;663.0;16
470000;;;COCONUT_COUPON;SEASHELLS;653.0;18
470300;;;COCONUT_COUPON;SEASHELLS;655.0;6
470700;;;COCONUT_COUPON;SEASHELLS;657.0;11
470900;;;COCONUT;SEASHELLS;10083.0;9
471000;;;COCONUT_COUPON;SEASHELLS;659.0;10
471700;;;COCONUT_COUPON;SEASHELLS;663.0;8
472000;;;COCONUT_COUPON;SEASHELLS;663.0;10
472600;;;COCONUT;SEASHELLS;10081.0;5
473100;;;COCONUT_COUPON;SEASHELLS;663.0;15
473800;;;COCONUT_COUPON;SEASHELLS;661.0;15
474100;;;COCONUT_COUPON;SEASHELLS;659.0;4
474400;;;COCONUT;SEASHELLS;10081.0;9
475100;;;COCONUT;SEASHELLS;10077.0;6
475100;;;COCONUT_COUPON;SEASHELLS;657.0;5
475300;;;COCONUT;SEASHELLS;10075.0;10
475500;;;COCONUT;SEASHELLS;10075.0;10
476500;;;COCONUT_COUPON;SEASHELLS;654.0;15
476700;;;COCONUT;SEASHELLS;10077.0;1
476900;;;COCONUT;SEASHELLS;10078.0;9
477000;;;COCONUT;SEASHELLS;10077.0;10
477100;;;COCONUT_COUPON;SEASHELLS;653.0;15
477400;;;COCONUT_COUPON;SEASHELLS;652.0;4
477400;;;COCONUT;SEASHELLS;10076.0;7
477700;;;COCONUT_COUPON;SEASHELLS;652.0;10
478200;;;COCONUT_COUPON;SEASHELLS;655.0;12
478600;;;COCONUT;SEASHELLS;10079.0;5
479000;;;COCONUT_COUPON;SEASHELLS;657.0;17
479400;;;COCONUT;SEASHELLS;10082.0;6
479700;;;COCONUT;SEASHELLS;10084.0;10
480300;;;COCONUT_COUPON;SEASHELLS;659.0;19
480800;;;COCONUT_COUPON;SEASHELLS;658.0;18
482900;;;COCONUT;SEASHELLS;10084.0;8
482900;;;COCONUT_COUPON;SEASHELLS;654.0;17
483800;;;COCONUT_COUPON;SEASHELLS;653.0;12
484500;;;COCONUT;SEASHELLS;10082.0;10
485300;;;COCONUT_COUPON;SEASHELLS;652.0;16
485700;;;COCONUT;SEASHELLS;10078.0;7
486100;;;COCONUT_COUPON;SEASHELLS;645.0;10
487100;;;COCONUT_COUPON;SEASHELLS;646.0;10
488700;;;COCONUT;SEASHELLS;10074.0;8
489100;;;COCONUT_COUPON;SEASHELLS;653.0;13
489400;;;COCONUT_COUPON;SEASHELLS;652.0;11
489700;;;COCONUT;SEASHELLS;10079.0;10
489900;;;COCONUT;SEASHELLS;10079.0;8
490700;;;COCONUT;SEASHELLS;10083.0;5
490900;;;COCONUT_COUPON;SEASHELLS;662.0;17
492200;;;COCONUT_COUPON;SEASHELLS;663.0;19
492900;;;COCONUT_COUPON;SEASHELLS;665.0;14
493600;;;COCONUT;SEASHELLS;10088.0;5
494700;;;COCONUT_COUPON;SEASHELLS;671.0;7
494700;;;COCONUT_COUPON;SEASHELLS;673.0;2
494700;;;COCONUT_COUPON;SEASHELLS;673.0;16
495800;;;COCONUT_COUPON;SEASHELLS;666.0;19
496100;;;COCONUT_COUPON;SEASHELLS;665.0;13
496700;;;COCONUT;SEASHELLS;10082.0;10
497100;;;COCONUT_COUPON;SEASHELLS;662.0;17
497100;;;COCONUT;SEASHELLS;10083.0;5
497900;;;COCONUT_COUPON;SEASHELLS;660.0;8
498000;;;COCONUT_COUPON;SEASHELLS;660.0;10
498600;;;COCONUT_COUPON;SEASHELLS;660.0;14
500500;;;COCONUT_COUPON;SEASHELLS;663.0;15
502300;;;COCONUT_COUPON;SEASHELLS;664.0;20
502600;;;COCONUT_COUPON;SEASHELLS;665.0;14
503300;;;COCONUT;SEASHELLS;10082.0;6
504300;;;COCONUT_COUPON;SEASHELLS;668.0;14
504700;;;COCONUT_COUPON;SEASHELLS;668.0;3
504700;;;COCONUT_COUPON;SEASHELLS;668.0;15
505500;;;COCONUT_COUPON;SEASHELLS;668.0;15
505900;;;COCONUT_COUPON;SEASHELLS;667.0;15
508100;;;COCONUT_COUPON;SEASHELLS;669.0;7
508600;;;COCONUT;SEASHELLS;10081.0;7
508800;;;COCONUT;SEASHELLS;10078.0;7
508800;;;COCONUT;SEASHELLS;10078.0;9
509700;;;COCONUT_COUPON;SEASHELLS;667.0;18
509700;;;COCONUT_COUPON;SEASHELLS;667.0;2
511100;;;COCONUT_COUPON;SEASHELLS;670.0;20
511400;;;COCONUT_COUPON;SEASHELLS;669.0;15
512800;;;COCONUT_COUPON;SEASHELLS;667.0;17
512900;;;COCONUT;SEASHELLS;10071.0;10
513600;;;COCONUT;SEASHELLS;10073.0;9
514400;;;COCONUT_COUPON;SEASHELLS;665.0;7
514700;;;COCONUT;SEASHELLS;10070.0;7
515100;;;COCONUT_COUPON;SEASHELLS;670.0;10
515200;;;COCONUT;SEASHELLS;10070.0;5
519300;;;COCONUT_COUPON;SEASHELLS;661.0;17
519300;;;COCONUT_COUPON;SEASHELLS;661.0;1
519600;;;COCONUT_COUPON;SEASHELLS;661.0;7
520900;;;COCONUT;SEASHELLS;10073.0;1
521200;;;COCONUT_COUPON;SEASHELLS;668.0;18
521800;;;COCONUT;SEASHELLS;10073.0;10
522300;;;COCONUT;SEASHELLS;10071.0;5
523200;;;COCONUT_COUPON;SEASHELLS;665.0;14
523600;;;COCONUT_COUPON;SEASHELLS;663.0;4
523900;;;COCONUT_COUPON;SEASHELLS;665.0;14
523900;;;COCONUT_COUPON;SEASHELLS;665.0;7
523900;;;COCONUT_COUPON;SEASHELLS;665.0;6
524700;;;COCONUT;SEASHELLS;10070.0;7
527100;;;COCONUT;SEASHELLS;10075.0;9
527300;;;COCONUT_COUPON;SEASHELLS;670.0;19
528200;;;COCONUT;SEASHELLS;10074.0;7
529100;;;COCONUT_COUPON;SEASHELLS;673.0;10
529500;;;COCONUT_COUPON;SEASHELLS;669.0;17
529900;;;COCONUT;SEASHELLS;10068.0;10
530100;;;COCONUT;SEASHELLS;10069.0;10
531300;;;COCONUT_COUPON;SEASHELLS;662.0;11
531900;;;COCONUT_COUPON;SEASHELLS;660.0;14
531900;;;COCONUT_COUPON;SEASHELLS;660.0;2
532000;;;COCONUT;SEASHELLS;10078.0;9
532100;;;COCONUT;SEASHELLS;10080.0;6
535700;;;COCONUT_COUPON;SEASHELLS;660.0;17
536700;;;COCONUT;SEASHELLS;10084.0;6
536800;;;COCONUT;SEASHELLS;10083.0;8
537400;;;COCONUT_COUPON;SEASHELLS;659.0;19
538400;;;COCONUT_COUPON;SEASHELLS;652.0;14
538800;;;COCONUT_COUPON;SEASHELLS;651.0;3
538800;;;COCONUT_COUPON;SEASHELLS;651.0;15
541000;;;COCONUT;SEASHELLS;10089.0;9
541100;;;COCONUT_COUPON;SEASHELLS;650.0;19
541200;;;COCONUT_COUPON;SEASHELLS;651.0;16
541900;;;COCONUT;SEASHELLS;10085.0;2
542500;;;COCONUT_COUPON;SEASHELLS;653.0;18
542900;;;COCONUT;SEASHELLS;10082.0;2
543100;;;COCONUT;SEASHELLS;10082.0;5
543800;;;COCONUT;SEASHELLS;10081.0;8
544000;;;COCONUT_COUPON;SEASHELLS;652.0;18
544300;;;COCONUT_COUPON;SEASHELLS;653.0;11
544400;;;COCONUT_COUPON;SEASHELLS;652.0;7
545200;;;COCONUT;SEASHELLS;10084.0;5
547200;;;COCONUT;SEASHELLS;10079.0;8
547900;;;COCONUT_COUPON;SEASHELLS;658.0;15
548300;;;COCONUT_COUPON;SEASHELLS;658.0;19
548700;;;COCONUT;SEASHELLS;10080.0;1
549800;;;COCONUT;SEASHELLS;10079.0;6
550300;;;COCONUT_COUPON;SEASHELLS;664.0;15
550800;;;COCONUT_COUPON;SEASHELLS;664.0;8
551900;;;COCONUT_COUPON;SEASHELLS;668.0;15
552600;;;COCONUT_COUPON;SEASHELLS;670.0;14
554400;;;COCONUT_COUPON;SEASHELLS;670.0;17
554600;;;COCONUT;SEASHELLS;10080.0;2
555700;;;COCONUT;SEASHELLS;10079.0;9
556500;;;COCONUT_COUPON;SEASHELLS;667.0;5
556500;;;COCONUT_COUPON;SEASHELLS;667.0;9
556500;;;COCONUT_COUPON;SEASHELLS;667.0;20
557500;;;COCONUT_COUPON;SEASHELLS;673.0;12
557600;;;COCONUT;SEASHELLS;10077.0;2
557600;;;COCONUT_COUPON;SEASHELLS;670.0;10
558700;;;COCONUT_COUPON;SEASHELLS;676.0;10
559600;;;COCONUT_COUPON;SEASHELLS;672.0;12
559700;;;COCONUT;SEASHELLS;10073.0;5
560700;;;COCONUT;SEASHELLS;10077.0;6
560700;;;COCONUT;SEASHELLS;10079.0;7
561000;;;COCONUT;SEASHELLS;10077.0;7
561100;;;COCONUT;SEASHELLS;10076.0;6
562400;;;COCONUT;SEASHELLS;10079.0;9
563400;;;COCONUT;SEASHELLS;10084.0;5
563900;;;COCONUT_COUPON;SEASHELLS;669.0;16
564000;;;COCONUT;SEASHELLS;10086.0;10
564500;;;COCONUT_COUPON;SEASHELLS;669.0;19
564900;;;COCONUT;SEASHELLS;10088.0;8
565000;;;COCONUT;SEASHELLS;10087.0;9
565300;;;COCONUT_COUPON;SEASHELLS;670.0;17
567100;;;COCONUT_COUPON;SEASHELLS;667.0;9
567600;;;COCONUT;SEASHELLS;10087.0;7
568000;;;COCONUT;SEASHELLS;10088.0;8
568200;;;COCONUT_COUPON;SEASHELLS;665.0;12
570000;;;COCONUT_COUPON;SEASHELLS;664.0;9
570100;;;COCONUT_COUPON;SEASHELLS;664.0;11
570700;;;COCONUT;SEASHELLS;10086.0;3
571200;;;COCONUT_COUPON;SEASHELLS;667.0;15
572100;;;COCONUT;SEASHELLS;10080.0;9
573500;;;COCONUT_COUPON;SEASHELLS;670.0;14
574000;;;COCONUT;SEASHELLS;10081.0;9
575600;;;COCONUT;SEASHELLS;10076.0;2
576400;;;COCONUT_COUPON;SEASHELLS;654.0;10
576600;;;COCONUT;SEASHELLS;10072.0;5
576800;;;COCONUT;SEASHELLS;10070.0;6
577100;;;COCONUT_COUPON;SEASHELLS;660.0;17
577200;;;COCONUT_COUPON;SEASHELLS;660.0;17
577200;;;COCONUT;SEASHELLS;10071.0;10
577700;;;COCONUT_COUPON;SEASHELLS;659.0;13
578400;;;COCONUT;SEASHELLS;10067.0;6
579400;;;COCONUT_COUPON;SEASHELLS;659.0;19
579600;;;COCONUT;SEASHELLS;10069.0;9
580400;;;COCONUT_COUPON;SEASHELLS;658.0;3
580400;;;COCONUT_COUPON;SEASHELLS;658.0;16
580800;;;COCONUT;SEASHELLS;10061.0;7
581800;;;COCONUT_COUPON;SEASHELLS;661.0;14
582300;;;COCONUT_COUPON;SEASHELLS;655.0;18
583500;;;COCONUT_COUPON;SEASHELLS;662.0;14
583900;;;COCONUT;SEASHELLS;10062.0;5
584100;;;COCONUT;SEASHELLS;10061.0;9
584300;;;COCONUT;SEASHELLS;10060.0;8
584600;;;COCONUT_COUPON;SEASHELLS;662.0;11
585000;;;COCONUT_COUPON;SEASHELLS;665.0;20
585700;;;COCONUT_COUPON;SEASHELLS;663.0;14
587200;;;COCONUT_COUPON;SEASHELLS;662.0;10
588100;;;COCONUT_COUPON;SEASHELLS;661.0;15
588100;;;COCONUT_COUPON;SEASHELLS;661.0;4
589100;;;COCONUT_COUPON;SEASHELLS;665.0;17
589800;;;COCONUT_COUPON;SEASHELLS;664.0;15
590400;;;COCONUT_COUPON;SEASHELLS;666.0;1
590400;;;COCONUT_COUPON;SEASHELLS;666.0;17
590800;;;COCONUT_COUPON;SEASHELLS;663.0;4
591300;;;COCONUT_COUPON;SEASHELLS;660.0;14
591600;;;COCONUT_COUPON;SEASHELLS;659.0;5
591700;;;COCONUT;SEASHELLS;10058.0;8
592600;;;COCONUT;SEASHELLS;10058.0;10
592900;;;COCONUT_COUPON;SEASHELLS;663.0;15
593000;;;COCONUT_COUPON;SEASHELLS;661.0;15
593000;;;COCONUT_COUPON;SEASHELLS;661.0;14
593000;;;COCONUT_COUPON;SEASHELLS;661.0;2
593700;;;COCONUT;SEASHELLS;10061.0;9
593800;;;COCONUT_COUPON;SEASHELLS;663.0;17
595100;;;COCONUT_COUPON;SEASHELLS;660.0;12
597900;;;COCONUT;SEASHELLS;10058.0;2
599000;;;COCONUT_COUPON;SEASHELLS;657.0;6
599700;;;COCONUT_COUPON;SEASHELLS;656.0;4
600800;;;COCONUT;SEASHELLS;10053.0;5
601000;;;COCONUT_COUPON;SEASHELLS;665.0;18
601100;;;COCONUT_COUPON;SEASHELLS;663.0;10
601500;;;COCONUT_COUPON;SEASHELLS;661.0;19
601800;;;COCONUT;SEASHELLS;10051.0;7
601800;;;COCONUT;SEASHELLS;10050.0;8
602500;;;COCONUT_COUPON;SEASHELLS;665.0;13
602500;;;COCONUT_COUPON;SEASHELLS;666.0;12
602800;;;COCONUT_COUPON;SEASHELLS;666.0;13
603100;;;COCONUT_COUPON;SEASHELLS;671.0;16
604000;;;COCONUT_COUPON;SEASHELLS;672.0;14
604000;;;COCONUT_COUPON;SEASHELLS;672.0;11
604000;;;COCONUT_COUPON;SEASHELLS;672.0;3
604600;;;COCONUT;SEASHELLS;10049.0;7
604900;;;COCONUT;SEASHELLS;10051.0;3
605300;;;COCONUT_COUPON;SEASHELLS;669.0;19
605700;;;COCONUT;SEASHELLS;10050.0;7
606000;;;COCONUT_COUPON;SEASHELLS;667.0;10
607200;;;COCONUT;SEASHELLS;10055.0;2
607600;;;COCONUT_COUPON;SEASHELLS;670.0;15
608100;;;COCONUT_COUPON;SEASHELLS;668.0;15
608300;;;COCONUT_COUPON;SEASHELLS;664.0;19
608500;;;COCONUT;SEASHELLS;10060.0;7
609800;;;COCONUT;SEASHELLS;10059.0;7
609900;;;COCONUT_COUPON;SEASHELLS;670.0;6
610100;;;COCONUT;SEASHELLS;10060.0;8
610400;;;COCONUT_COUPON;SEASHELLS;671.0;11
610800;;;COCONUT;SEASHELLS;10060.0;8
611300;;;COCONUT_COUPON;SEASHELLS;665.0;17
611400;;;COCONUT_COUPON;SEASHELLS;665.0;4
612500;;;COCONUT_COUPON;SEASHELLS;660.0;20
613800;;;COCONUT;SEASHELLS;10053.0;3
613900;;;COCONUT;SEASHELLS;10055.0;6
614000;;;COCONUT;SEASHELLS;10056.0;7
614700;;;COCONUT;SEASHELLS;10056.0;1
615200;;;COCONUT_COUPON;SEASHELLS;660.0;12
616600;;;COCONUT_COUPON;SEASHELLS;655.0;12
617500;;;COCONUT;SEASHELLS;10050.0;10
617600;;;COCONUT_COUPON;SEASHELLS;655.0;19
618800;;;COCONUT_COUPON;SEASHELLS;652.0;13
619300;;;COCONUT;SEASHELLS;10048.0;8
619300;;;COCONUT_COUPON;SEASHELLS;654.0;16
619500;;;COCONUT_COUPON;SEASHELLS;653.0;18
619900;;;COCONUT;SEASHELLS;10046.0;5
621300;;;COCONUT_COUPON;SEASHELLS;646.0;13
622000;;;COCONUT;SEASHELLS;10040.0;6
622100;;;COCONUT_COUPON;SEASHELLS;645.0;12
622300;;;COCONUT;SEASHELLS;10042.0;8
623000;;;COCONUT;SEASHELLS;10040.0;5
623900;;;COCONUT_COUPON;SEASHELLS;646.0;14
624000;;;COCONUT;SEASHELLS;10038.0;2
624200;;;COCONUT_COUPON;SEASHELLS;647.0;13
624200;;;COCONUT_COUPON;SEASHELLS;646.0;3
624200;;;COCONUT_COUPON;SEASHELLS;646.0;15
625400;;;COCONUT_COUPON;SEASHELLS;643.0;14
625600;;;COCONUT_COUPON;SEASHELLS;643.0;20
626100;;;COCONUT;SEASHELLS;10036.0;6
626600;;;COCONUT;SEASHELLS;10036.0;9
626900;;;COCONUT;SEASHELLS;10031.0;6
628400;;;COCONUT_COUPON;SEASHELLS;658.0;11
629100;;;COCONUT_COUPON;SEASHELLS;660.0;11
629100;;;COCONUT_COUPON;SEASHELLS;659.0;15
629800;;;COCONUT_COUPON;SEASHELLS;657.0;15
630100;;;COCONUT;SEASHELLS;10044.0;5
631400;;;COCONUT;SEASHELLS;10040.0;8
632200;;;COCONUT;SEASHELLS;10036.0;1
633500;;;COCONUT;SEASHELLS;10035.0;8
633900;;;COCONUT;SEASHELLS;10036.0;10
634000;;;COCONUT;SEASHELLS;10036.0;7
634900;;;COCONUT_COUPON;SEASHELLS;651.0;19
635700;;;COCONUT_COUPON;SEASHELLS;653.0;12
636000;;;COCONUT;SEASHELLS;10038.0;1
636100;;;COCONUT;SEASHELLS;10040.0;8
637500;;;COCONUT_COUPON;SEASHELLS;654.0;5
637600;;;COCONUT_COUPON;SEASHELLS;654.0;20
638300;;;COCONUT_COUPON;SEASHELLS;655.0;5
638700;;;COCONUT_COUPON;SEASHELLS;655.0;6
640300;;;COCONUT;SEASHELLS;10047.0;2
643400;;;COCONUT_COUPON;SEASHELLS;639.0;12
644100;;;COCONUT_COUPON;SEASHELLS;636.0;17
644100;;;COCONUT;SEASHELLS;10048.0;6
645500;;;COCONUT_COUPON;SEASHELLS;632.0;18
646300;;;COCONUT_COUPON;SEASHELLS;637.0;18
647300;;;COCONUT_COUPON;SEASHELLS;639.0;19
647700;;;COCONUT;SEASHELLS;10045.0;5
648000;;;COCONUT_COUPON;SEASHELLS;641.0;12
648300;;;COCONUT;SEASHELLS;10047.0;8
648800;;;COCONUT;SEASHELLS;10046.0;9
649000;;;COCONUT;SEASHELLS;10047.0;5
649400;;;COCONUT;SEASHELLS;10049.0;9
649700;;;COCONUT;SEASHELLS;10050.0;6
650000;;;COCONUT_COUPON;SEASHELLS;642.0;12
651200;;;COCONUT;SEASHELLS;10050.0;7
651200;;;COCONUT_COUPON;SEASHELLS;641.0;10
652300;;;COCONUT_COUPON;SEASHELLS;636.0;10
654000;;;COCONUT;SEASHELLS;10046.0;4
654000;;;COCONUT;SEASHELLS;10046.0;2
654900;;;COCONUT;SEASHELLS;10044.0;8
654900;;;COCONUT_COUPON;SEASHELLS;639.0;11
655300;;;COCONUT_COUPON;SEASHELLS;640.0;8
656000;;;COCONUT_COUPON;SEASHELLS;641.0;16
656700;;;COCONUT_COUPON;SEASHELLS;643.0;15
658100;;;COCONUT;SEASHELLS;10046.0;3
658600;;;COCONUT_COUPON;SEASHELLS;643.0;12
660200;;;COCONUT_COUPON;SEASHELLS;638.0;17
660500;;;COCONUT_COUPON;SEASHELLS;640.0;18
660600;;;COCONUT_COUPON;SEASHELLS;643.0;13
661500;;;COCONUT_COUPON;SEASHELLS;646.0;14
662500;;;COCONUT;SEASHELLS;10035.0;9
662700;;;COCONUT_COUPON;SEASHELLS;646.0;5
664600;;;COCONUT_COUPON;SEASHELLS;641.0;9
664600;;;COCONUT;SEASHELLS;10031.0;10
664900;;;COCONUT_COUPON;SEASHELLS;639.0;12
665300;;;COCONUT;SEASHELLS;10031.0;3
666100;;;COCONUT_COUPON;SEASHELLS;634.0;20
666500;;;COCONUT_COUPON;SEASHELLS;632.0;18
667100;;;COCONUT_COUPON;SEASHELLS;629.0;17
667400;;;COCONUT_COUPON;SEASHELLS;628.0;17
668800;;;COCONUT;SEASHELLS;10032.0;10
668900;;;COCONUT;SEASHELLS;10032.0;7
669100;;;COCONUT;SEASHELLS;10033.0;1
671000;;;COCONUT;SEASHELLS;10024.0;3
673200;;;COCONUT;SEASHELLS;10020.0;5
674800;;;COCONUT;SEASHELLS;10019.0;5
675700;;;COCONUT_COUPON;SEASHELLS;641.0;16
676000;;;COCONUT_COUPON;SEASHELLS;646.0;10
676200;;;COCONUT;SEASHELLS;10018.0;2
676500;;;COCONUT_COUPON;SEASHELLS;646.0;3
676500;;;COCONUT_COUPON;SEASHELLS;646.0;16
677300;;;COCONUT;SEASHELLS;10020.0;10
677700;;;COCONUT_COUPON;SEASHELLS;643.0;10
677800;;;COCONUT;SEASHELLS;10021.0;8
677900;;;COCONUT_COUPON;SEASHELLS;646.0;15
677900;;;COCONUT_COUPON;SEASHELLS;646.0;1
679200;;;COCONUT;SEASHELLS;10021.0;8
679500;;;COCONUT_COUPON;SEASHELLS;641.0;19
681400;;;COCONUT_COUPON;SEASHELLS;637.0;13
681700;;;COCONUT_COUPON;SEASHELLS;637.0;14
682800;;;COCONUT;SEASHELLS;10014.0;8
683400;;;COCONUT;SEASHELLS;10010.0;6
683500;;;COCONUT;SEASHELLS;10009.0;5
683600;;;COCONUT_COUPON;SEASHELLS;632.0;20
684600;;;COCONUT_COUPON;SEASHELLS;636.0;16
684900;;;COCONUT;SEASHELLS;10009.0;9
685000;;;COCONUT;SEASHELLS;10010.0;5
686000;;;COCONUT_COUPON;SEASHELLS;630.0;17
686300;;;COCONUT;SEASHELLS;10010.0;9
686400;;;COCONUT_COUPON;SEASHELLS;630.0;11
686600;;;COCONUT;SEASHELLS;10013.0;1
686700;;;COCONUT_COUPON;SEASHELLS;633.0;15
687900;;;COCONUT;SEASHELLS;10009.0;9
691100;;;COCONUT_COUPON;SEASHELLS;646.0;20
692200;;;COCONUT_COUPON;SEASHELLS;649.0;19
692500;;;COCONUT_COUPON;SEASHELLS;646.0;6
692700;;;COCONUT_COUPON;SEASHELLS;648.0;14
693200;;;COCONUT_COUPON;SEASHELLS;648.0;13
693600;;;COCONUT_COUPON;SEASHELLS;649.0;18
693900;;;COCONUT_COUPON;SEASHELLS;651.0;20
694100;;;COCONUT_COUPON;SEASHELLS;649.0;13
696000;;;COCONUT_COUPON;SEASHELLS;650.0;6
696000;;;COCONUT_COUPON;SEASHELLS;650.0;13
696900;;;COCONUT;SEASHELLS;10025.0;9
697100;;;COCONUT_COUPON;SEASHELLS;650.0;13
697400;;;COCONUT_COUPON;SEASHELLS;652.0;14
698300;;;COCONUT_COUPON;SEASHELLS;648.0;2
700700;;;COCONUT_COUPON;SEASHELLS;650.0;11
701000;;;COCONUT_COUPON;SEASHELLS;653.0;19
701000;;;COCONUT_COUPON;SEASHELLS;652.0;16
702300;;;COCONUT_COUPON;SEASHELLS;647.0;15
702500;;;COCONUT_COUPON;SEASHELLS;646.0;19
703600;;;COCONUT_COUPON;SEASHELLS;644.0;5
704000;;;COCONUT;SEASHELLS;10026.0;8
704300;;;COCONUT;SEASHELLS;10026.0;10
704600;;;COCONUT_COUPON;SEASHELLS;651.0;11
704900;;;COCONUT;SEASHELLS;10027.0;9
705600;;;COCONUT_COUPON;SEASHELLS;650.0;17
707000;;;COCONUT_COUPON;SEASHELLS;651.0;1
707000;;;COCONUT_COUPON;SEASHELLS;651.0;16
707300;;;COCONUT_COUPON;SEASHELLS;653.0;20
708400;;;COCONUT_COUPON;SEASHELLS;654.0;13
709000;;;COCONUT;SEASHELLS;10032.0;9
709800;;;COCONUT_COUPON;SEASHELLS;652.0;5
710600;;;COCONUT_COUPON;SEASHELLS;652.0;17
711300;;;COCONUT_COUPON;SEASHELLS;648.0;17
711400;;;COCONUT_COUPON;SEASHELLS;649.0;15
711600;;;COCONUT_COUPON;SEASHELLS;651.0;7
712700;;;COCONUT;SEASHELLS;10023.0;6
713200;;;COCONUT;SEASHELLS;10022.0;6
713500;;;COCONUT_COUPON;SEASHELLS;646.0;19
714200;;;COCONUT;SEASHELLS;10022.0;8
715300;;;COCONUT;SEASHELLS;10019.0;5
716200;;;COCONUT;SEASHELLS;10017.0;10
716400;;;COCONUT_COUPON;SEASHELLS;638.0;7
716600;;;COCONUT;SEASHELLS;10019.0;3
717900;;;COCONUT;SEASHELLS;10021.0;7
718200;;;COCONUT;SEASHELLS;10025.0;7
718300;;;COCONUT;SEASHELLS;10026.0;10
718300;;;COCONUT;SEASHELLS;10025.0;8
718400;;;COCONUT_COUPON;SEASHELLS;651.0;8
718900;;;COCONUT_COUPON;SEASHELLS;645.0;12
719400;;;COCONUT;SEASHELLS;10025.0;9
719800;;;COCONUT;SEASHELLS;10024.0;1
720500;;;COCONUT_COUPON;SEASHELLS;649.0;5
720500;;;COCONUT_COUPON;SEASHELLS;649.0;13
722100;;;COCONUT;SEASHELLS;10031.0;6
722500;;;COCONUT;SEASHELLS;10029.0;9
722800;;;COCONUT_COUPON;SEASHELLS;647.0;5
722800;;;COCONUT_COUPON;SEASHELLS;647.0;8
722900;;;COCONUT;SEASHELLS;10031.0;1
723200;;;COCONUT_COUPON;SEASHELLS;648.0;20
723400;;;COCONUT;SEASHELLS;10032.0;8
723700;;;COCONUT;SEASHELLS;10033.0;6
723900;;;COCONUT;SEASHELLS;10033.0;9
725000;;;COCONUT_COUPON;SEASHELLS;651.0;10
725100;;;COCONUT_COUPON;SEASHELLS;651.0;9
725200;;;COCONUT_COUPON;SEASHELLS;652.0;1
725300;;;COCONUT;SEASHELLS;10035.0;8
725500;;;COCONUT_COUPON;SEASHELLS;653.0;11
726000;;;COCONUT_COUPON;SEASHELLS;650.0;11
726700;;;COCONUT_COUPON;SEASHELLS;653.0;15
726800;;;COCONUT_COUPON;SEASHELLS;654.0;11
727400;;;COCONUT_COUPON;SEASHELLS;653.0;15
727800;;;COCONUT;SEASHELLS;10029.0;7
728300;;;COCONUT_COUPON;SEASHELLS;658.0;11
729400;;;COCONUT;SEASHELLS;10038.0;5
730800;;;COCONUT_COUPON;SEASHELLS;662.0;10
731400;;;COCONUT_COUPON;SEASHELLS;663.0;16
731600;;;COCONUT;SEASHELLS;10040.0;7
732900;;;COCONUT_COUPON;SEASHELLS;658.0;19
734100;;;COCONUT_COUPON;SEASHELLS;655.0;12
734900;;;COCONUT_COUPON;SEASHELLS;660.0;8
735900;;;COCONUT_COUPON;SEASHELLS;660.0;10
736000;;;COCONUT_COUPON;SEASHELLS;658.0;16
736000;;;COCONUT_COUPON;SEASHELLS;658.0;4
741000;;;COCONUT_COUPON;SEASHELLS;650.0;17
741400;;;COCONUT;SEASHELLS;10028.0;8
742100;;;COCONUT_COUPON;SEASHELLS;656.0;6
742700;;;COCONUT_COUPON;SEASHELLS;658.0;19
743800;;;COCONUT;SEASHELLS;10030.0;10
744500;;;COCONUT;SEASHELLS;10029.0;9
744700;;;COCONUT_COUPON;SEASHELLS;659.0;18
746000;;;COCONUT;SEASHELLS;10027.0;5
747100;;;COCONUT_COUPON;SEASHELLS;658.0;18
747800;;;COCONUT_COUPON;SEASHELLS;656.0;12
749600;;;COCONUT_COUPON;SEASHELLS;655.0;14
749600;;;COCONUT;SEASHELLS;10033.0;10
750200;;;COCONUT_COUPON;SEASHELLS;652.0;12
752100;;;COCONUT;SEASHELLS;10039.0;2
752200;;;COCONUT;SEASHELLS;10038.0;5
752500;;;COCONUT_COUPON;SEASHELLS;659.0;20
754700;;;COCONUT;SEASHELLS;10030.0;7
754800;;;COCONUT_COUPON;SEASHELLS;660.0;10
755300;;;COCONUT;SEASHELLS;10029.0;7
755400;;;COCONUT_COUPON;SEASHELLS;661.0;11
755400;;;COCONUT_COUPON;SEASHELLS;660.0;5
755500;;;COCONUT;SEASHELLS;10028.0;7
757000;;;COCONUT;SEASHELLS;10033.0;2
757300;;;COCONUT_COUPON;SEASHELLS;655.0;18
759900;;;COCONUT;SEASHELLS;10035.0;10
759900;;;COCONUT_COUPON;SEASHELLS;663.0;5
761700;;;COCONUT;SEASHELLS;10034.0;8
761900;;;COCONUT;SEASHELLS;10034.0;6
762000;;;COCONUT_COUPON;SEASHELLS;662.0;2
762000;;;COCONUT_COUPON;SEASHELLS;662.0;7
762000;;;COCONUT_COUPON;SEASHELLS;662.0;13
762400;;;COCONUT;SEASHELLS;10036.0;10
763500;;;COCONUT;SEASHELLS;10033.0;6
764500;;;COCONUT_COUPON;SEASHELLS;657.0;11
764700;;;COCONUT_COUPON;SEASHELLS;656.0;16
765000;;;COCONUT_COUPON;SEASHELLS;654.0;4
765300;;;COCONUT_COUPON;SEASHELLS;653.0;9
766300;;;COCONUT;SEASHELLS;10043.0;8
766400;;;COCONUT;SEASHELLS;10044.0;8
767000;;;COCONUT_COUPON;SEASHELLS;651.0;9
767700;;;COCONUT;SEASHELLS;10038.0;7
767900;;;COCONUT;SEASHELLS;10038.0;8
768900;;;COCONUT;SEASHELLS;10036.0;5
768900;;;COCONUT_COUPON;SEASHELLS;651.0;10
769700;;;COCONUT_COUPON;SEASHELLS;646.0;20
769800;;;COCONUT_COUPON;SEASHELLS;646.0;7
769800;;;COCONUT_COUPON;SEASHELLS;646.0;5
769800;;;COCONUT_COUPON;SEASHELLS;646.0;12
770700;;;COCONUT_COUPON;SEASHELLS;642.0;12
770800;;;COCONUT;SEASHELLS;10034.0;9
772600;;;COCONUT;SEASHELLS;10031.0;10
773400;;;COCONUT_COUPON;SEASHELLS;642.0;20
773600;;;COCONUT_COUPON;SEASHELLS;642.0;10
773600;;;COCONUT_COUPON;SEASHELLS;643.0;12
773600;;;COCONUT_COUPON;SEASHELLS;643.0;1
774100;;;COCONUT_COUPON;SEASHELLS;647.0;1
774100;;;COCONUT_COUPON;SEASHELLS;647.0;16
774200;;;COCONUT;SEASHELLS;10031.0;2
775100;;;COCONUT_COUPON;SEASHELLS;650.0;15
777500;;;COCONUT_COUPON;SEASHELLS;651.0;12
777600;;;COCONUT;SEASHELLS;10026.0;8
777800;;;COCONUT;SEASHELLS;10028.0;10
781400;;;COCONUT_COUPON;SEASHELLS;647.0;18
781700;;;COCONUT_COUPON;SEASHELLS;650.0;20
784700;;;COCONUT_COUPON;SEASHELLS;645.0;16
785500;;;COCONUT_COUPON;SEASHELLS;646.0;15
785800;;;COCONUT_COUPON;SEASHELLS;644.0;13
786100;;;COCONUT_COUPON;SEASHELLS;645.0;14
787300;;;COCONUT;SEASHELLS;10026.0;7
787800;;;COCONUT_COUPON;SEASHELLS;648.0;15
789500;;;COCONUT_COUPON;SEASHELLS;641.0;15
789700;;;COCONUT_COUPON;SEASHELLS;639.0;6
791300;;;COCONUT;SEASHELLS;10018.0;2
791600;;;COCONUT_COUPON;SEASHELLS;637.0;17
791700;;;COCONUT_COUPON;SEASHELLS;638.0;9
791800;;;COCONUT;SEASHELLS;10016.0;3
791800;;;COCONUT_COUPON;SEASHELLS;636.0;8
792000;;;COCONUT_COUPON;SEASHELLS;639.0;11
792500;;;COCONUT_COUPON;SEASHELLS;640.0;8
793100;;;COCONUT;SEASHELLS;10015.0;8
793300;;;COCONUT_COUPON;SEASHELLS;640.0;14
793400;;;COCONUT;SEASHELLS;10013.0;10
793600;;;COCONUT_COUPON;SEASHELLS;640.0;2
793600;;;COCONUT_COUPON;SEASHELLS;640.0;15
793700;;;COCONUT_COUPON;SEASHELLS;639.0;4
795600;;;COCONUT;SEASHELLS;10016.0;9
795700;;;COCONUT_COUPON;SEASHELLS;643.0;14
796300;;;COCONUT_COUPON;SEASHELLS;644.0;13
796500;;;COCONUT;SEASHELLS;10021.0;3
796800;;;COCONUT_COUPON;SEASHELLS;648.0;11
797400;;;COCONUT;SEASHELLS;10019.0;10
798000;;;COCONUT_COUPON;SEASHELLS;641.0;17
798500;;;COCONUT_COUPON;SEASHELLS;638.0;12
798500;;;COCONUT_COUPON;SEASHELLS;638.0;4
799100;;;COCONUT_COUPON;SEASHELLS;637.0;7
799400;;;COCONUT_COUPON;SEASHELLS;637.0;13
800100;;;COCONUT_COUPON;SEASHELLS;633.0;14
800100;;;COCONUT_COUPON;SEASHELLS;633.0;5
800100;;;COCONUT_COUPON;SEASHELLS;633.0;15
802100;;;COCONUT_COUPON;SEASHELLS;639.0;13
804300;;;COCONUT_COUPON;SEASHELLS;638.0;16
805300;;;COCONUT;SEASHELLS;10018.0;8
805400;;;COCONUT;SEASHELLS;10016.0;2
806700;;;COCONUT_COUPON;SEASHELLS;636.0;17
806700;;;COCONUT_COUPON;SEASHELLS;636.0;1
807500;;;COCONUT;SEASHELLS;10014.0;7
808000;;;COCONUT_COUPON;SEASHELLS;637.0;18
808700;;;COCONUT;SEASHELLS;10021.0;6
808800;;;COCONUT;SEASHELLS;10021.0;10
809500;;;COCONUT_COUPON;SEASHELLS;638.0;20
809600;;;COCONUT;SEASHELLS;10024.0;3
810900;;;COCONUT_COUPON;SEASHELLS;640.0;20
812800;;;COCONUT_COUPON;SEASHELLS;643.0;17
813500;;;COCONUT_COUPON;SEASHELLS;639.0;16
814200;;;COCONUT;SEASHELLS;10021.0;7
815300;;;COCONUT;SEASHELLS;10020.0;5
817500;;;COCONUT_COUPON;SEASHELLS;640.0;6
817900;;;COCONUT_COUPON;SEASHELLS;642.0;13
819800;;;COCONUT;SEASHELLS;10022.0;6
819800;;;COCONUT_COUPON;SEASHELLS;639.0;13
820700;;;COCONUT_COUPON;SEASHELLS;631.0;13
821100;;;COCONUT;SEASHELLS;10013.0;6
821900;;;COCONUT_COUPON;SEASHELLS;628.0;17
822200;;;COCONUT;SEASHELLS;10010.0;6
822200;;;COCONUT_COUPON;SEASHELLS;630.0;4
822300;;;COCONUT_COUPON;SEASHELLS;629.0;7
822700;;;COCONUT_COUPON;SEASHELLS;630.0;19
823100;;;COCONUT;SEASHELLS;10009.0;5
824200;;;COCONUT_COUPON;SEASHELLS;625.0;13
825700;;;COCONUT_COUPON;SEASHELLS;625.0;10
826700;;;COCONUT_COUPON;SEASHELLS;627.0;15
827100;;;COCONUT;SEASHELLS;10010.0;3
828400;;;COCONUT_COUPON;SEASHELLS;629.0;14
828700;;;COCONUT;SEASHELLS;10007.0;1
829000;;;COCONUT_COUPON;SEASHELLS;628.0;11
830700;;;COCONUT;SEASHELLS;10010.0;9
832500;;;COCONUT_COUPON;SEASHELLS;634.0;20
834100;;;COCONUT;SEASHELLS;10019.0;10
834400;;;COCONUT_COUPON;SEASHELLS;636.0;15
835100;;;COCONUT_COUPON;SEASHELLS;635.0;17
835400;;;COCONUT_COUPON;SEASHELLS;635.0;19
835900;;;COCONUT_COUPON;SEASHELLS;638.0;15
838900;;;COCONUT_COUPON;SEASHELLS;629.0;14
839500;;;COCONUT;SEASHELLS;10021.0;7
839900;;;COCONUT_COUPON;SEASHELLS;625.0;13
840300;;;COCONUT;SEASHELLS;10021.0;8
840400;;;COCONUT;SEASHELLS;10024.0;8
841700;;;COCONUT;SEASHELLS;10026.0;6
842300;;;COCONUT;SEASHELLS;10027.0;2
842400;;;COCONUT_COUPON;SEASHELLS;634.0;11
844500;;;COCONUT_COUPON;SEASHELLS;627.0;14
845000;;;COCONUT_COUPON;SEASHELLS;630.0;13
845100;;;COCONUT_COUPON;SEASHELLS;629.0;1
845100;;;COCONUT_COUPON;SEASHELLS;629.0;17
845400;;;COCONUT_COUPON;SEASHELLS;629.0;19
845700;;;COCONUT_COUPON;SEASHELLS;628.0;12
846300;;;COCONUT;SEASHELLS;10023.0;2
846300;;;COCONUT;SEASHELLS;10023.0;6
847800;;;COCONUT;SEASHELLS;10024.0;9
848000;;;COCONUT;SEASHELLS;10025.0;6
849500;;;COCONUT;SEASHELLS;10025.0;8
850400;;;COCONUT;SEASHELLS;10027.0;1
851000;;;COCONUT_COUPON;SEASHELLS;611.0;14
851400;;;COCONUT_COUPON;SEASHELLS;609.0;9
851800;;;COCONUT;SEASHELLS;10027.0;9
852100;;;COCONUT;SEASHELLS;10027.0;7
852300;;;COCONUT_COUPON;SEASHELLS;612.0;1
852300;;;COCONUT_COUPON;SEASHELLS;612.0;19
852300;;;COCONUT_COUPON;SEASHELLS;611.0;16
852600;;;COCONUT_COUPON;SEASHELLS;612.0;12
852800;;;COCONUT;SEASHELLS;10028.0;7
853100;;;COCONUT_COUPON;SEASHELLS;613.0;10
853100;;;COCONUT;SEASHELLS;10026.0;5
853800;;;COCONUT_COUPON;SEASHELLS;611.0;12
854700;;;COCONUT;SEASHELLS;10028.0;9
855100;;;COCONUT_COUPON;SEASHELLS;620.0;17
855900;;;COCONUT_COUPON;SEASHELLS;620.0;12
857100;;;COCONUT;SEASHELLS;10025.0;7
857800;;;COCONUT;SEASHELLS;10025.0;6
857800;;;COCONUT_COUPON;SEASHELLS;627.0;9
857900;;;COCONUT;SEASHELLS;10025.0;7
858900;;;COCONUT_COUPON;SEASHELLS;626.0;17
859300;;;COCONUT_COUPON;SEASHELLS;627.0;16
860000;;;COCONUT_COUPON;SEASHELLS;627.0;16
860500;;;COCONUT;SEASHELLS;10031.0;7
861100;;;COCONUT_COUPON;SEASHELLS;633.0;14
863700;;;COCONUT_COUPON;SEASHELLS;634.0;4
865000;;;COCONUT_COUPON;SEASHELLS;635.0;14
865100;;;COCONUT_COUPON;SEASHELLS;634.0;11
865200;;;COCONUT_COUPON;SEASHELLS;635.0;17
865800;;;COCONUT;SEASHELLS;10041.0;7
867400;;;COCONUT_COUPON;SEASHELLS;633.0;10
869100;;;COCONUT_COUPON;SEASHELLS;631.0;18
869500;;;COCONUT_COUPON;SEASHELLS;630.0;12
869600;;;COCONUT_COUPON;SEASHELLS;632.0;10
870200;;;COCONUT_COUPON;SEASHELLS;626.0;13
870500;;;COCONUT_COUPON;SEASHELLS;623.0;15
870900;;;COCONUT;SEASHELLS;10031.0;7
872500;;;COCONUT_COUPON;SEASHELLS;624.0;2
872500;;;COCONUT_COUPON;SEASHELLS;624.0;16
873100;;;COCONUT_COUPON;SEASHELLS;624.0;8
873300;;;COCONUT_COUPON;SEASHELLS;622.0;13
873400;;;COCONUT;SEASHELLS;10036.0;9
873800;;;COCONUT_COUPON;SEASHELLS;622.0;14
874500;;;COCONUT;SEASHELLS;10033.0;6
877400;;;COCONUT;SEASHELLS;10035.0;7
877900;;;COCONUT_COUPON;SEASHELLS;612.0;19
880200;;;COCONUT_COUPON;SEASHELLS;609.0;17
880200;;;COCONUT_COUPON;SEASHELLS;609.0;2
881100;;;COCONUT;SEASHELLS;10032.0;8
882200;;;COCONUT_COUPON;SEASHELLS;611.0;15
882700;;;COCONUT_COUPON;SEASHELLS;612.0;11
883300;;;COCONUT_COUPON;SEASHELLS;615.0;14
883500;;;COCONUT;SEASHELLS;10038.0;6
883900;;;COCONUT_COUPON;SEASHELLS;618.0;12
884300;;;COCONUT_COUPON;SEASHELLS;621.0;12
884400;;;COCONUT;SEASHELLS;10043.0;6
885400;;;COCONUT;SEASHELLS;10043.0;9
885500;;;COCONUT_COUPON;SEASHELLS;624.0;6
886300;;;COCONUT_COUPON;SEASHELLS;624.0;1
886300;;;COCONUT_COUPON;SEASHELLS;624.0;12
888500;;;COCONUT_COUPON;SEASHELLS;622.0;12
888500;;;COCONUT;SEASHELLS;10031.0;10
888500;;;COCONUT;SEASHELLS;10032.0;3
889900;;;COCONUT_COUPON;SEASHELLS;622.0;15
890100;;;COCONUT_COUPON;SEASHELLS;622.0;7
890800;;;COCONUT_COUPON;SEASHELLS;618.0;20
891000;;;COCONUT_COUPON;SEASHELLS;619.0;10
891300;;;COCONUT_COUPON;SEASHELLS;622.0;12
892200;;;COCONUT;SEASHELLS;10023.0;8
893000;;;COCONUT_COUPON;SEASHELLS;625.0;11
893400;;;COCONUT;SEASHELLS;10025.0;8
894400;;;COCONUT;SEASHELLS;10028.0;6
894700;;;COCONUT;SEASHELLS;10032.0;10
895300;;;COCONUT_COUPON;SEASHELLS;633.0;12
898100;;;COCONUT_COUPON;SEASHELLS;642.0;7
898500;;;COCONUT;SEASHELLS;10032.0;7
899000;;;COCONUT;SEASHELLS;10033.0;8
899600;;;COCONUT_COUPON;SEASHELLS;638.0;17
899600;;;COCONUT_COUPON;SEASHELLS;638.0;3
900600;;;COCONUT_COUPON;SEASHELLS;634.0;10
901600;;;COCONUT_COUPON;SEASHELLS;635.0;20
903300;;;COCONUT_COUPON;SEASHELLS;641.0;17
904500;;;COCONUT_COUPON;SEASHELLS;644.0;19
905000;;;COCONUT;SEASHELLS;10039.0;5
906900;;;COCONUT_COUPON;SEASHELLS;642.0;16
906900;;;COCONUT;SEASHELLS;10033.0;10
907300;;;COCONUT;SEASHELLS;10034.0;8
908800;;;COCONUT;SEASHELLS;10034.0;10
909900;;;COCONUT;SEASHELLS;10034.0;3
910100;;;COCONUT_COUPON;SEASHELLS;647.0;6
911300;;;COCONUT;SEASHELLS;10032.0;8
912000;;;COCONUT_COUPON;SEASHELLS;653.0;17
912900;;;COCONUT;SEASHELLS;10024.0;9
913100;;;COCONUT_COUPON;SEASHELLS;650.0;11
913800;;;COCONUT_COUPON;SEASHELLS;653.0;16
913800;;;COCONUT_COUPON;SEASHELLS;653.0;4
914300;;;COCONUT_COUPON;SEASHELLS;652.0;14
915500;;;COCONUT_COUPON;SEASHELLS;650.0;18
916900;;;COCONUT_COUPON;SEASHELLS;649.0;14
917500;;;COCONUT_COUPON;SEASHELLS;645.0;8
917500;;;COCONUT_COUPON;SEASHELLS;645.0;19
917500;;;COCONUT_COUPON;SEASHELLS;645.0;3
919600;;;COCONUT_COUPON;SEASHELLS;648.0;17
920200;;;COCONUT_COUPON;SEASHELLS;650.0;10
921400;;;COCONUT;SEASHELLS;10028.0;9
921600;;;COCONUT;SEASHELLS;10028.0;7
921800;;;COCONUT_COUPON;SEASHELLS;657.0;20
921900;;;COCONUT;SEASHELLS;10026.0;7
922400;;;COCONUT_COUPON;SEASHELLS;653.0;7
922500;;;COCONUT_COUPON;SEASHELLS;652.0;12
922800;;;COCONUT_COUPON;SEASHELLS;648.0;15
922800;;;COCONUT;SEASHELLS;10023.0;6
924200;;;COCONUT_COUPON;SEASHELLS;648.0;18
924400;;;COCONUT_COUPON;SEASHELLS;650.0;13
925200;;;COCONUT;SEASHELLS;10030.0;9
926600;;;COCONUT_COUPON;SEASHELLS;658.0;1
926600;;;COCONUT_COUPON;SEASHELLS;658.0;16
927100;;;COCONUT;SEASHELLS;10033.0;5
927200;;;COCONUT;SEASHELLS;10035.0;10
927300;;;COCONUT_COUPON;SEASHELLS;656.0;6
927700;;;COCONUT_COUPON;SEASHELLS;660.0;16
928100;;;COCONUT_COUPON;SEASHELLS;659.0;2
928200;;;COCONUT;SEASHELLS;10033.0;7
928300;;;COCONUT_COUPON;SEASHELLS;657.0;13
929400;;;COCONUT;SEASHELLS;10036.0;10
931600;;;COCONUT;SEASHELLS;10035.0;10
931700;;;COCONUT_COUPON;SEASHELLS;653.0;15
931800;;;COCONUT;SEASHELLS;10035.0;6
932700;;;COCONUT_COUPON;SEASHELLS;658.0;15
933300;;;COCONUT_COUPON;SEASHELLS;663.0;20
933600;;;COCONUT_COUPON;SEASHELLS;662.0;10
934000;;;COCONUT_COUPON;SEASHELLS;660.0;8
934200;;;COCONUT_COUPON;SEASHELLS;658.0;18
934300;;;COCONUT_COUPON;SEASHELLS;656.0;12
934900;;;COCONUT_COUPON;SEASHELLS;657.0;18
934900;;;COCONUT;SEASHELLS;10033.0;5
936100;;;COCONUT_COUPON;SEASHELLS;648.0;15
936600;;;COCONUT_COUPON;SEASHELLS;649.0;14
937200;;;COCONUT;SEASHELLS;10024.0;7
937300;;;COCONUT_COUPON;SEASHELLS;646.0;16
937800;;;COCONUT;SEASHELLS;10020.0;10
937900;;;COCONUT_COUPON;SEASHELLS;647.0;17
938300;;;COCONUT;SEASHELLS;10021.0;10
938600;;;COCONUT;SEASHELLS;10024.0;10
939000;;;COCONUT_COUPON;SEASHELLS;650.0;13
939600;;;COCONUT;SEASHELLS;10019.0;9
940800;;;COCONUT_COUPON;SEASHELLS;654.0;19
942300;;;COCONUT_COUPON;SEASHELLS;654.0;13
942600;;;COCONUT_COUPON;SEASHELLS;656.0;11
943800;;;COCONUT_COUPON;SEASHELLS;661.0;11
944500;;;COCONUT;SEASHELLS;10024.0;7
944900;;;COCONUT;SEASHELLS;10027.0;8
946100;;;COCONUT;SEASHELLS;10028.0;10
946300;;;COCONUT_COUPON;SEASHELLS;671.0;20
946800;;;COCONUT;SEASHELLS;10028.0;2
946900;;;COCONUT;SEASHELLS;10026.0;6
947000;;;COCONUT_COUPON;SEASHELLS;669.0;18
947300;;;COCONUT_COUPON;SEASHELLS;670.0;17
947800;;;COCONUT;SEASHELLS;10024.0;1
947900;;;COCONUT;SEASHELLS;10026.0;2
948600;;;COCONUT;SEASHELLS;10025.0;6
949000;;;COCONUT;SEASHELLS;10027.0;10
949600;;;COCONUT_COUPON;SEASHELLS;670.0;13
949900;;;COCONUT_COUPON;SEASHELLS;669.0;11
951000;;;COCONUT_COUPON;SEASHELLS;671.0;14
952100;;;COCONUT;SEASHELLS;10019.0;9
952400;;;COCONUT_COUPON;SEASHELLS;664.0;2
952400;;;COCONUT_COUPON;SEASHELLS;664.0;15
953800;;;COCONUT;SEASHELLS;10009.0;7
954500;;;COCONUT_COUPON;SEASHELLS;660.0;16
955500;;;COCONUT_COUPON;SEASHELLS;669.0;8
956600;;;COCONUT;SEASHELLS;10012.0;7
958900;;;COCONUT;SEASHELLS;10003.0;5
959400;;;COCONUT;SEASHELLS;10003.0;7
959500;;;COCONUT_COUPON;SEASHELLS;665.0;12
959900;;;COCONUT_COUPON;SEASHELLS;664.0;16
960600;;;COCONUT_COUPON;SEASHELLS;659.0;9
960700;;;COCONUT_COUPON;SEASHELLS;658.0;15
960700;;;COCONUT_COUPON;SEASHELLS;659.0;15
960700;;;COCONUT_COUPON;SEASHELLS;659.0;2
961000;;;COCONUT;SEASHELLS;10001.0;7
961600;;;COCONUT_COUPON;SEASHELLS;655.0;12
962300;;;COCONUT;SEASHELLS;10002.0;3
962400;;;COCONUT_COUPON;SEASHELLS;659.0;7
963500;;;COCONUT_COUPON;SEASHELLS;655.0;17
963600;;;COCONUT_COUPON;SEASHELLS;654.0;4
965100;;;COCONUT;SEASHELLS;9991.0;8
965400;;;COCONUT_COUPON;SEASHELLS;650.0;14
965400;;;COCONUT;SEASHELLS;9988.0;8
966200;;;COCONUT;SEASHELLS;9984.0;10
966200;;;COCONUT;SEASHELLS;9984.0;3
966400;;;COCONUT_COUPON;SEASHELLS;645.0;8
967300;;;COCONUT_COUPON;SEASHELLS;649.0;11
969100;;;COCONUT;SEASHELLS;9988.0;1
970200;;;COCONUT_COUPON;SEASHELLS;646.0;2
971500;;;COCONUT_COUPON;SEASHELLS;651.0;10
971600;;;COCONUT_COUPON;SEASHELLS;651.0;2
971600;;;COCONUT_COUPON;SEASHELLS;651.0;1
971600;;;COCONUT_COUPON;SEASHELLS;651.0;12
971600;;;COCONUT_COUPON;SEASHELLS;651.0;17
971600;;;COCONUT_COUPON;SEASHELLS;651.0;0
971700;;;COCONUT;SEASHELLS;9988.0;10
971900;;;COCONUT;SEASHELLS;9989.0;7
972700;;;COCONUT;SEASHELLS;9986.0;6
972800;;;COCONUT_COUPON;SEASHELLS;647.0;11
973000;;;COCONUT_COUPON;SEASHELLS;650.0;18
973700;;;COCONUT_COUPON;SEASHELLS;650.0;17
973800;;;COCONUT_COUPON;SEASHELLS;650.0;13
974300;;;COCONUT_COUPON;SEASHELLS;651.0;15
974500;;;COCONUT_COUPON;SEASHELLS;650.0;10
974800;;;COCONUT_COUPON;SEASHELLS;648.0;16
974800;;;COCONUT_COUPON;SEASHELLS;648.0;4
975500;;;COCONUT_COUPON;SEASHELLS;645.0;18
976100;;;COCONUT_COUPON;SEASHELLS;645.0;16
976500;;;COCONUT;SEASHELLS;9984.0;9
976800;;;COCONUT;SEASHELLS;9984.0;6
977000;;;COCONUT_COUPON;SEASHELLS;641.0;3
977000;;;COCONUT_COUPON;SEASHELLS;641.0;17
977100;;;COCONUT_COUPON;SEASHELLS;643.0;12
977100;;;COCONUT;SEASHELLS;9983.0;7
977900;;;COCONUT_COUPON;SEASHELLS;636.0;10
978800;;;COCONUT_COUPON;SEASHELLS;628.0;15
980400;;;COCONUT_COUPON;SEASHELLS;620.0;5
981100;;;COCONUT_COUPON;SEASHELLS;617.0;20
981200;;;COCONUT_COUPON;SEASHELLS;617.0;9
981400;;;COCONUT_COUPON;SEASHELLS;619.0;18
981500;;;COCONUT;SEASHELLS;9973.0;6
982300;;;COCONUT;SEASHELLS;9971.0;7
982700;;;COCONUT;SEASHELLS;9974.0;8
982900;;;COCONUT;SEASHELLS;9975.0;2
983600;;;COCONUT;SEASHELLS;9978.0;6
984800;;;COCONUT_COUPON;SEASHELLS;629.0;11
984900;;;COCONUT;SEASHELLS;9975.0;5
985400;;;COCONUT_COUPON;SEASHELLS;636.0;9
986700;;;COCONUT_COUPON;SEASHELLS;639.0;15
986700;;;COCONUT_COUPON;SEASHELLS;639.0;3
986700;;;COCONUT;SEASHELLS;9981.0;8
987700;;;COCONUT_COUPON;SEASHELLS;639.0;17
987900;;;COCONUT_COUPON;SEASHELLS;640.0;18
988200;;;COCONUT_COUPON;SEASHELLS;642.0;15
989200;;;COCONUT;SEASHELLS;9978.0;3
991300;;;COCONUT;SEASHELLS;9977.0;5
992700;;;COCONUT_COUPON;SEASHELLS;627.0;15
992800;;;COCONUT_COUPON;SEASHELLS;626.0;7
992900;;;COCONUT;SEASHELLS;9979.0;9
993200;;;COCONUT;SEASHELLS;9977.0;6
993600;;;COCONUT_COUPON;SEASHELLS;621.0;6
994100;;;COCONUT_COUPON;SEASHELLS;621.0;17
994600;;;COCONUT_COUPON;SEASHELLS;618.0;11
994900;;;COCONUT_COUPON;SEASHELLS;621.0;6
994900;;;COCONUT;SEASHELLS;9983.0;5
995200;;;COCONUT_COUPON;SEASHELLS;616.0;8
995300;;;COCONUT_COUPON;SEASHELLS;618.0;6
995400;;;COCONUT_COUPON;SEASHELLS;618.0;14
995800;;;COCONUT;SEASHELLS;9983.0;8
996300;;;COCONUT;SEASHELLS;9983.0;6
997100;;;COCONUT_COUPON;SEASHELLS;622.0;20
997200;;;COCONUT_COUPON;SEASHELLS;622.0;18
997800;;;COCONUT_COUPON;SEASHELLS;620.0;13
998000;;;COCONUT;SEASHELLS;9990.0;2
998400;;;COCONUT_COUPON;SEASHELLS;618.0;11
998800;;;COCONUT;SEASHELLS;9985.0;5
999500;;;COCONUT_COUPON;SEASHELLS;622.0;15
