timestamp;buyer;seller;symbol;currency;price;quantity
1200;;;COCONUT_COUPON;SEASHELLS;617.0;15
1700;;;COCONUT;SEASHELLS;9983.0;2
1900;;;COCONUT;SEASHELLS;9982.0;9
2100;;;COCONUT_COUPON;SEASHELLS;616.0;13
2600;;;COCONUT;SEASHELLS;9985.0;5
4100;;;COCONUT_COUPON;SEASHELLS;612.0;12
5500;;;COCONUT_COUPON;SEASHELLS;609.0;9
5900;;;COCONUT;SEASHELLS;9978.0;5
7500;;;COCONUT;SEASHELLS;9978.0;6
8200;;;COCONUT_COUPON;SEASHELLS;600.0;4
9400;;;COCONUT_COUPON;SEASHELLS;601.0;20
10000;;;COCONUT_COUPON;SEASHELLS;605.0;11
10200;;;COCONUT_COUPON;SEASHELLS;603.0;14
10600;;;COCONUT_COUPON;SEASHELLS;604.0;8
11500;;;COCONUT;SEASHELLS;9972.0;8
11800;;;COCONUT_COUPON;SEASHELLS;606.0;14
11800;;;COCONUT;SEASHELLS;9973.0;5
12800;;;COCONUT_COUPON;SEASHELLS;608.0;11
12900;;;COCONUT;SEASHELLS;9976.0;10
13300;;;COCONUT;SEASHELLS;9975.0;3
13700;;;COCONUT_COUPON;SEASHELLS;609.0;11
14300;;;COCONUT_COUPON;SEASHELLS;607.0;17
14600;;;COCONUT_COUPON;SEASHELLS;608.0;12
14600;;;COCONUT;SEASHELLS;9976.0;6
15800;;;COCONUT_COUPON;SEASHELLS;610.0;6
17600;;;COCONUT_COUPON;SEASHELLS;604.0;20
19700;;;COCONUT_COUPON;SEASHELLS;603.0;12
22700;;;COCONUT_COUPON;SEASHELLS;603.0;12
22800;;;COCONUT;SEASHELLS;9969.0;3
22900;;;COCONUT_COUPON;SEASHELLS;604.0;7
23000;;;COCONUT_COUPON;SEASHELLS;605.0;16
24200;;;COCONUT;SEASHELLS;9967.0;10
24400;;;COCONUT_COUPON;SEASHELLS;607.0;16
25500;;;COCONUT;SEASHELLS;9966.0;10
26600;;;COCONUT_COUPON;SEASHELLS;608.0;17
27000;;;COCONUT_COUPON;SEASHELLS;608.0;7
27300;;;COCONUT;SEASHELLS;9970.0;2
27700;;;COCONUT_COUPON;SEASHELLS;607.0;13
28400;;;COCONUT_COUPON;SEASHELLS;603.0;14
28400;;;COCONUT_COUPON;SEASHELLS;603.0;2
28400;;;COCONUT_COUPON;SEASHELLS;603.0;11
29700;;;COCONUT_COUPON;SEASHELLS;601.0;14
29900;;;COCONUT_COUPON;SEASHELLS;602.0;8
30600;;;COCONUT;SEASHELLS;9963.0;8
30800;;;COCONUT_COUPON;SEASHELLS;601.0;17
31200;;;COCONUT_COUPON;SEASHELLS;602.0;15
31200;;;COCONUT_COUPON;SEASHELLS;602.0;5
31500;;;COCONUT_COUPON;SEASHELLS;604.0;6
31600;;;COCONUT;SEASHELLS;9964.0;5
32000;;;COCONUT;SEASHELLS;9962.0;5
32900;;;COCONUT;SEASHELLS;9963.0;8
33300;;;COCONUT;SEASHELLS;9966.0;1
34300;;;COCONUT_COUPON;SEASHELLS;606.0;14
34300;;;COCONUT;SEASHELLS;9973.0;3
35400;;;COCONUT_COUPON;SEASHELLS;604.0;13
35800;;;COCONUT_COUPON;SEASHELLS;604.0;17
35800;;;COCONUT_COUPON;SEASHELLS;604.0;1
36200;;;COCONUT_COUPON;SEASHELLS;602.0;16
36200;;;COCONUT_COUPON;SEASHELLS;602.0;4
36400;;;COCONUT;SEASHELLS;9970.0;1
36900;;;COCONUT_COUPON;SEASHELLS;604.0;6
37400;;;COCONUT_COUPON;SEASHELLS;602.0;6
37500;;;COCONUT;SEASHELLS;9967.0;10
37600;;;COCONUT_COUPON;SEASHELLS;604.0;15
37600;;;COCONUT_COUPON;SEASHELLS;604.0;9
38200;;;COCONUT;SEASHELLS;9967.0;9
38400;;;COCONUT;SEASHELLS;9966.0;5
40600;;;COCONUT_COUPON;SEASHELLS;592.0;13
41200;;;COCONUT;SEASHELLS;9957.0;3
42000;;;COCONUT;SEASHELLS;9959.0;7
42100;;;COCONUT_COUPON;SEASHELLS;591.0;18
43000;;;COCONUT_COUPON;SEASHELLS;593.0;17
43000;;;COCONUT_COUPON;SEASHELLS;594.0;18
43200;;;COCONUT;SEASHELLS;9957.0;7
43400;;;COCONUT_COUPON;SEASHELLS;595.0;15
44000;;;COCONUT;SEASHELLS;9956.0;9
44400;;;COCONUT_COUPON;SEASHELLS;593.0;13
44600;;;COCONUT_COUPON;SEASHELLS;592.0;13
44800;;;COCONUT_COUPON;SEASHELLS;592.0;12
45700;;;COCONUT_COUPON;SEASHELLS;592.0;20
46100;;;COCONUT_COUPON;SEASHELLS;589.0;13
46400;;;COCONUT_COUPON;SEASHELLS;589.0;12
46600;;;COCONUT_COUPON;SEASHELLS;587.0;16
46600;;;COCONUT;SEASHELLS;9948.0;5
48100;;;COCONUT;SEASHELLS;9953.0;3
49300;;;COCONUT_COUPON;SEASHELLS;601.0;12
49600;;;COCONUT_COUPON;SEASHELLS;601.0;17
50200;;;COCONUT;SEASHELLS;9955.0;6
50200;;;COCONUT_COUPON;SEASHELLS;598.0;4
50500;;;COCONUT;SEASHELLS;9957.0;6
52300;;;COCONUT_COUPON;SEASHELLS;605.0;10
52500;;;COCONUT_COUPON;SEASHELLS;601.0;16
52800;;;COCONUT;SEASHELLS;9961.0;6
52900;;;COCONUT;SEASHELLS;9959.0;7
52900;;;COCONUT;SEASHELLS;9959.0;9
53100;;;COCONUT_COUPON;SEASHELLS;601.0;5
53200;;;COCONUT_COUPON;SEASHELLS;599.0;17
53300;;;COCONUT;SEASHELLS;9956.0;6
54100;;;COCONUT_COUPON;SEASHELLS;600.0;17
54300;;;COCONUT;SEASHELLS;9960.0;7
55100;;;COCONUT_COUPON;SEASHELLS;608.0;14
55500;;;COCONUT;SEASHELLS;9960.0;6
55900;;;COCONUT_COUPON;SEASHELLS;608.0;7
56400;;;COCONUT_COUPON;SEASHELLS;604.0;7
56600;;;COCONUT_COUPON;SEASHELLS;604.0;12
57500;;;COCONUT;SEASHELLS;9956.0;3
57500;;;COCONUT_COUPON;SEASHELLS;601.0;11
57800;;;COCONUT_COUPON;SEASHELLS;602.0;20
58300;;;COCONUT_COUPON;SEASHELLS;603.0;6
58900;;;COCONUT;SEASHELLS;9954.0;6
59300;;;COCONUT;SEASHELLS;9953.0;1
59300;;;COCONUT;SEASHELLS;9953.0;5
60100;;;COCONUT_COUPON;SEASHELLS;594.0;16
61600;;;COCONUT;SEASHELLS;9954.0;7
62600;;;COCONUT;SEASHELLS;9951.0;9
63100;;;COCONUT_COUPON;SEASHELLS;594.0;14
63600;;;COCONUT_COUPON;SEASHELLS;597.0;9
64500;;;COCONUT;SEASHELLS;9952.0;9
65300;;;COCONUT_COUPON;SEASHELLS;595.0;10
66200;;;COCONUT_COUPON;SEASHELLS;592.0;3
66200;;;COCONUT_COUPON;SEASHELLS;592.0;17
66900;;;COCONUT_COUPON;SEASHELLS;591.0;16
69000;;;COCONUT_COUPON;SEASHELLS;601.0;4
69000;;;COCONUT_COUPON;SEASHELLS;601.0;15
70100;;;COCONUT;SEASHELLS;9946.0;5
70300;;;COCONUT;SEASHELLS;9945.0;2
70400;;;COCONUT_COUPON;SEASHELLS;595.0;20
70600;;;COCONUT_COUPON;SEASHELLS;594.0;19
71300;;;COCONUT;SEASHELLS;9941.0;6
71900;;;COCONUT_COUPON;SEASHELLS;589.0;11
72600;;;COCONUT;SEASHELLS;9938.0;9
73100;;;COCONUT_COUPON;SEASHELLS;593.0;20
73300;;;COCONUT_COUPON;SEASHELLS;595.0;6
73400;;;COCONUT_COUPON;SEASHELLS;595.0;16
73500;;;COCONUT_COUPON;SEASHELLS;594.0;10
73600;;;COCONUT;SEASHELLS;9943.0;10
74700;;;COCONUT_COUPON;SEASHELLS;590.0;8
75300;;;COCONUT_COUPON;SEASHELLS;590.0;14
77500;;;COCONUT_COUPON;SEASHELLS;587.0;11
79300;;;COCONUT_COUPON;SEASHELLS;591.0;13
79800;;;COCONUT_COUPON;SEASHELLS;592.0;18
79800;;;COCONUT_COUPON;SEASHELLS;592.0;1
79900;;;COCONUT_COUPON;SEASHELLS;592.0;17
80100;;;COCONUT_COUPON;SEASHELLS;594.0;13
80300;;;COCONUT_COUPON;SEASHELLS;595.0;7
80300;;;COCONUT_COUPON;SEASHELLS;594.0;18
80700;;;COCONUT;SEASHELLS;9935.0;5
81400;;;COCONUT;SEASHELLS;9935.0;1
83500;;;COCONUT_COUPON;SEASHELLS;595.0;12
84000;;;COCONUT_COUPON;SEASHELLS;598.0;16
85400;;;COCONUT;SEASHELLS;9941.0;9
85600;;;COCONUT_COUPON;SEASHELLS;594.0;18
88400;;;COCONUT;SEASHELLS;9946.0;2
89200;;;COCONUT_COUPON;SEASHELLS;601.0;19
89800;;;COCONUT_COUPON;SEASHELLS;599.0;17
89900;;;COCONUT_COUPON;SEASHELLS;600.0;18
90100;;;COCONUT_COUPON;SEASHELLS;600.0;4
90500;;;COCONUT_COUPON;SEASHELLS;599.0;11
91300;;;COCONUT;SEASHELLS;9937.0;10
91700;;;COCONUT_COUPON;SEASHELLS;599.0;13
91900;;;COCONUT;SEASHELLS;9938.0;2
92200;;;COCONUT_COUPON;SEASHELLS;597.0;16
92400;;;COCONUT;SEASHELLS;9941.0;10
92800;;;COCONUT_COUPON;SEASHELLS;598.0;6
93200;;;COCONUT_COUPON;SEASHELLS;598.0;6
95100;;;COCONUT_COUPON;SEASHELLS;588.0;6
95700;;;COCONUT_COUPON;SEASHELLS;592.0;6
97100;;;COCONUT_COUPON;SEASHELLS;596.0;20
97500;;;COCONUT;SEASHELLS;9956.0;3
97600;;;COCONUT_COUPON;SEASHELLS;597.0;20
97900;;;COCONUT;SEASHELLS;9960.0;7
98000;;;COCONUT_COUPON;SEASHELLS;600.0;18
98600;;;COCONUT;SEASHELLS;9959.0;7
98900;;;COCONUT_COUPON;SEASHELLS;594.0;16
99000;;;COCONUT;SEASHELLS;9959.0;10
99700;;;COCONUT_COUPON;SEASHELLS;595.0;10
99800;;;COCONUT;SEASHELLS;9963.0;8
100300;;;COCONUT_COUPON;SEASHELLS;598.0;10
101500;;;COCONUT;SEASHELLS;9965.0;2
101500;;;COCONUT_COUPON;SEASHELLS;604.0;16
102600;;;COCONUT;SEASHELLS;9963.0;6
102800;;;COCONUT_COUPON;SEASHELLS;606.0;17
102800;;;COCONUT_COUPON;SEASHELLS;606.0;5
102900;;;COCONUT_COUPON;SEASHELLS;606.0;18
104100;;;COCONUT;SEASHELLS;9967.0;10
104300;;;COCONUT_COUPON;SEASHELLS;606.0;18
105000;;;COCONUT_COUPON;SEASHELLS;605.0;13
106200;;;COCONUT_COUPON;SEASHELLS;606.0;19
106400;;;COCONUT_COUPON;SEASHELLS;606.0;14
106700;;;COCONUT;SEASHELLS;9966.0;10
107300;;;COCONUT_COUPON;SEASHELLS;604.0;12
108500;;;COCONUT;SEASHELLS;9963.0;6
108500;;;COCONUT;SEASHELLS;9962.0;6
109000;;;COCONUT;SEASHELLS;9964.0;5
110300;;;COCONUT_COUPON;SEASHELLS;608.0;20
110600;;;COCONUT_COUPON;SEASHELLS;606.0;16
111100;;;COCONUT_COUPON;SEASHELLS;604.0;9
111600;;;COCONUT_COUPON;SEASHELLS;606.0;10
112000;;;COCONUT;SEASHELLS;9965.0;8
112300;;;COCONUT_COUPON;SEASHELLS;605.0;16
112500;;;COCONUT_COUPON;SEASHELLS;605.0;14
112500;;;COCONUT;SEASHELLS;9966.0;3
114200;;;COCONUT;SEASHELLS;9960.0;8
114900;;;COCONUT_COUPON;SEASHELLS;600.0;15
114900;;;COCONUT;SEASHELLS;9955.0;2
114900;;;COCONUT_COUPON;SEASHELLS;600.0;4
115300;;;COCONUT_COUPON;SEASHELLS;599.0;17
115300;;;COCONUT_COUPON;SEASHELLS;599.0;10
115300;;;COCONUT_COUPON;SEASHELLS;599.0;1
115400;;;COCONUT_COUPON;SEASHELLS;600.0;11
117300;;;COCONUT;SEASHELLS;9946.0;1
118600;;;COCONUT_COUPON;SEASHELLS;589.0;11
118600;;;COCONUT_COUPON;SEASHELLS;590.0;16
119900;;;COCONUT_COUPON;SEASHELLS;584.0;5
120000;;;COCONUT;SEASHELLS;9931.0;5
120400;;;COCONUT;SEASHELLS;9934.0;9
120900;;;COCONUT_COUPON;SEASHELLS;583.0;6
121000;;;COCONUT;SEASHELLS;9934.0;10
121800;;;COCONUT_COUPON;SEASHELLS;583.0;17
122300;;;COCONUT;SEASHELLS;9930.0;7
123800;;;COCONUT_COUPON;SEASHELLS;588.0;15
124200;;;COCONUT_COUPON;SEASHELLS;586.0;19
124400;;;COCONUT_COUPON;SEASHELLS;588.0;10
124600;;;COCONUT;SEASHELLS;9930.0;9
124600;;;COCONUT_COUPON;SEASHELLS;589.0;11
124800;;;COCONUT_COUPON;SEASHELLS;592.0;5
124900;;;COCONUT_COUPON;SEASHELLS;593.0;11
125000;;;COCONUT_COUPON;SEASHELLS;595.0;16
125400;;;COCONUT;SEASHELLS;9929.0;9
125700;;;COCONUT;SEASHELLS;9926.0;9
126800;;;COCONUT_COUPON;SEASHELLS;602.0;5
126800;;;COCONUT_COUPON;SEASHELLS;602.0;15
127600;;;COCONUT;SEASHELLS;9930.0;7
128700;;;COCONUT;SEASHELLS;9923.0;3
129200;;;COCONUT_COUPON;SEASHELLS;590.0;12
129400;;;COCONUT;SEASHELLS;9920.0;6
129900;;;COCONUT;SEASHELLS;9921.0;9
130300;;;COCONUT;SEASHELLS;9924.0;5
130500;;;COCONUT_COUPON;SEASHELLS;594.0;2
130500;;;COCONUT_COUPON;SEASHELLS;594.0;17
130600;;;COCONUT;SEASHELLS;9920.0;5
131000;;;COCONUT;SEASHELLS;9923.0;1
131700;;;COCONUT_COUPON;SEASHELLS;600.0;17
132000;;;COCONUT;SEASHELLS;9927.0;6
132300;;;COCONUT_COUPON;SEASHELLS;600.0;14
132800;;;COCONUT_COUPON;SEASHELLS;595.0;8
135700;;;COCONUT_COUPON;SEASHELLS;582.0;13
136800;;;COCONUT;SEASHELLS;9918.0;2
137600;;;COCONUT;SEASHELLS;9916.0;6
138200;;;COCONUT_COUPON;SEASHELLS;578.0;16
138300;;;COCONUT;SEASHELLS;9912.0;6
139200;;;COCONUT_COUPON;SEASHELLS;582.0;18
140800;;;COCONUT_COUPON;SEASHELLS;577.0;1
140800;;;COCONUT_COUPON;SEASHELLS;576.0;4
141500;;;COCONUT_COUPON;SEASHELLS;574.0;16
141700;;;COCONUT;SEASHELLS;9905.0;5
142300;;;COCONUT_COUPON;SEASHELLS;573.0;10
143100;;;COCONUT;SEASHELLS;9906.0;3
143200;;;COCONUT_COUPON;SEASHELLS;573.0;10
143200;;;COCONUT_COUPON;SEASHELLS;573.0;14
143700;;;COCONUT_COUPON;SEASHELLS;574.0;19
143800;;;COCONUT_COUPON;SEASHELLS;576.0;18
143900;;;COCONUT;SEASHELLS;9906.0;6
143900;;;COCONUT;SEASHELLS;9906.0;2
144700;;;COCONUT_COUPON;SEASHELLS;572.0;20
144800;;;COCONUT;SEASHELLS;9901.0;1
148000;;;COCONUT;SEASHELLS;9892.0;2
148100;;;COCONUT_COUPON;SEASHELLS;572.0;9
148600;;;COCONUT_COUPON;SEASHELLS;578.0;11
148800;;;COCONUT;SEASHELLS;9894.0;8
149700;;;COCONUT_COUPON;SEASHELLS;581.0;16
150000;;;COCONUT_COUPON;SEASHELLS;586.0;8
150200;;;COCONUT_COUPON;SEASHELLS;587.0;10
150800;;;COCONUT;SEASHELLS;9900.0;3
151100;;;COCONUT_COUPON;SEASHELLS;583.0;9
152900;;;COCONUT_COUPON;SEASHELLS;593.0;16
153100;;;COCONUT_COUPON;SEASHELLS;593.0;14
153800;;;COCONUT_COUPON;SEASHELLS;597.0;10
154000;;;COCONUT;SEASHELLS;9903.0;9
154700;;;COCONUT;SEASHELLS;9905.0;9
158800;;;COCONUT_COUPON;SEASHELLS;598.0;17
160000;;;COCONUT;SEASHELLS;9909.0;7
160500;;;COCONUT_COUPON;SEASHELLS;599.0;16
160800;;;COCONUT;SEASHELLS;9912.0;6
160900;;;COCONUT;SEASHELLS;9912.0;9
161600;;;COCONUT_COUPON;SEASHELLS;601.0;10
161700;;;COCONUT_COUPON;SEASHELLS;601.0;12
161900;;;COCONUT_COUPON;SEASHELLS;604.0;8
162000;;;COCONUT;SEASHELLS;9913.0;1
162400;;;COCONUT;SEASHELLS;9913.0;1
162900;;;COCONUT;SEASHELLS;9915.0;3
163000;;;COCONUT;SEASHELLS;9913.0;10
163000;;;COCONUT_COUPON;SEASHELLS;604.0;14
163200;;;COCONUT_COUPON;SEASHELLS;605.0;5
163600;;;COCONUT_COUPON;SEASHELLS;604.0;17
163800;;;COCONUT;SEASHELLS;9911.0;10
164400;;;COCONUT_COUPON;SEASHELLS;607.0;11
164500;;;COCONUT;SEASHELLS;9910.0;10
164800;;;COCONUT;SEASHELLS;9908.0;2
165100;;;COCONUT_COUPON;SEASHELLS;605.0;14
165200;;;COCONUT_COUPON;SEASHELLS;602.0;8
165200;;;COCONUT_COUPON;SEASHELLS;602.0;6
165200;;;COCONUT_COUPON;SEASHELLS;602.0;14
165500;;;COCONUT_COUPON;SEASHELLS;601.0;14
165600;;;COCONUT_COUPON;SEASHELLS;600.0;13
165800;;;COCONUT_COUPON;SEASHELLS;599.0;4
166000;;;COCONUT_COUPON;SEASHELLS;599.0;15
166300;;;COCONUT_COUPON;SEASHELLS;598.0;11
167100;;;COCONUT_COUPON;SEASHELLS;594.0;14
167100;;;COCONUT;SEASHELLS;9904.0;6
168000;;;COCONUT_COUPON;SEASHELLS;594.0;13
168200;;;COCONUT_COUPON;SEASHELLS;594.0;10
170400;;;COCONUT_COUPON;SEASHELLS;593.0;11
170800;;;COCONUT_COUPON;SEASHELLS;593.0;18
171100;;;COCONUT_COUPON;SEASHELLS;596.0;2
171100;;;COCONUT_COUPON;SEASHELLS;596.0;15
171500;;;COCONUT;SEASHELLS;9916.0;2
172500;;;COCONUT_COUPON;SEASHELLS;589.0;8
172700;;;COCONUT_COUPON;SEASHELLS;592.0;15
173100;;;COCONUT_COUPON;SEASHELLS;592.0;19
173600;;;COCONUT;SEASHELLS;9916.0;10
174600;;;COCONUT_COUPON;SEASHELLS;591.0;18
176100;;;COCONUT_COUPON;SEASHELLS;590.0;16
176900;;;COCONUT_COUPON;SEASHELLS;591.0;16
176900;;;COCONUT_COUPON;SEASHELLS;591.0;1
176900;;;COCONUT_COUPON;SEASHELLS;591.0;5
177300;;;COCONUT;SEASHELLS;9909.0;9
177500;;;COCONUT_COUPON;SEASHELLS;593.0;14
178500;;;COCONUT;SEASHELLS;9911.0;1
178600;;;COCONUT;SEASHELLS;9912.0;1
179500;;;COCONUT_COUPON;SEASHELLS;588.0;11
179600;;;COCONUT;SEASHELLS;9912.0;9
179800;;;COCONUT;SEASHELLS;9912.0;7
179900;;;COCONUT;SEASHELLS;9912.0;3
180100;;;COCONUT_COUPON;SEASHELLS;587.0;14
180600;;;COCONUT_COUPON;SEASHELLS;587.0;18
180600;;;COCONUT_COUPON;SEASHELLS;587.0;1
181100;;;COCONUT;SEASHELLS;9915.0;5
182400;;;COCONUT_COUPON;SEASHELLS;581.0;6
182500;;;COCONUT_COUPON;SEASHELLS;582.0;6
182900;;;COCONUT;SEASHELLS;9914.0;7
183500;;;COCONUT;SEASHELLS;9916.0;6
184300;;;COCONUT_COUPON;SEASHELLS;578.0;10
185700;;;COCONUT;SEASHELLS;9912.0;5
185800;;;COCONUT_COUPON;SEASHELLS;578.0;10
186100;;;COCONUT_COUPON;SEASHELLS;582.0;15
186400;;;COCONUT;SEASHELLS;9916.0;3
187200;;;COCONUT_COUPON;SEASHELLS;575.0;14
188500;;;COCONUT_COUPON;SEASHELLS;579.0;19
188900;;;COCONUT_COUPON;SEASHELLS;579.0;12
189000;;;COCONUT_COUPON;SEASHELLS;579.0;9
189100;;;COCONUT;SEASHELLS;9909.0;1
190300;;;COCONUT_COUPON;SEASHELLS;574.0;14
190400;;;COCONUT_COUPON;SEASHELLS;572.0;13
190700;;;COCONUT_COUPON;SEASHELLS;569.0;10
190800;;;COCONUT_COUPON;SEASHELLS;571.0;15
191100;;;COCONUT;SEASHELLS;9904.0;6
193000;;;COCONUT;SEASHELLS;9910.0;8
193200;;;COCONUT;SEASHELLS;9910.0;2
193900;;;COCONUT_COUPON;SEASHELLS;581.0;12
194000;;;COCONUT_COUPON;SEASHELLS;580.0;20
195100;;;COCONUT_COUPON;SEASHELLS;583.0;15
195800;;;COCONUT_COUPON;SEASHELLS;581.0;10
195800;;;COCONUT_COUPON;SEASHELLS;581.0;11
196200;;;COCONUT_COUPON;SEASHELLS;582.0;18
196300;;;COCONUT_COUPON;SEASHELLS;581.0;13
197100;;;COCONUT_COUPON;SEASHELLS;583.0;13
197100;;;COCONUT_COUPON;SEASHELLS;584.0;10
197300;;;COCONUT_COUPON;SEASHELLS;586.0;12
197900;;;COCONUT_COUPON;SEASHELLS;586.0;18
198400;;;COCONUT_COUPON;SEASHELLS;586.0;6
198900;;;COCONUT;SEASHELLS;9916.0;6
200000;;;COCONUT_COUPON;SEASHELLS;581.0;16
200000;;;COCONUT_COUPON;SEASHELLS;581.0;2
200300;;;COCONUT;SEASHELLS;9914.0;1
200600;;;COCONUT_COUPON;SEASHELLS;584.0;18
201100;;;COCONUT_COUPON;SEASHELLS;589.0;16
201500;;;COCONUT_COUPON;SEASHELLS;589.0;12
202200;;;COCONUT;SEASHELLS;9915.0;10
202500;;;COCONUT;SEASHELLS;9916.0;7
202900;;;COCONUT_COUPON;SEASHELLS;592.0;11
203600;;;COCONUT;SEASHELLS;9921.0;5
204200;;;COCONUT_COUPON;SEASHELLS;592.0;14
204800;;;COCONUT_COUPON;SEASHELLS;593.0;12
205900;;;COCONUT_COUPON;SEASHELLS;592.0;18
206800;;;COCONUT_COUPON;SEASHELLS;595.0;18
208400;;;COCONUT_COUPON;SEASHELLS;597.0;13
208800;;;COCONUT_COUPON;SEASHELLS;597.0;7
209300;;;COCONUT_COUPON;SEASHELLS;596.0;13
210400;;;COCONUT_COUPON;SEASHELLS;592.0;14
211000;;;COCONUT;SEASHELLS;9924.0;9
211600;;;COCONUT_COUPON;SEASHELLS;586.0;9
211900;;;COCONUT;SEASHELLS;9920.0;8
213500;;;COCONUT;SEASHELLS;9926.0;6
214000;;;COCONUT;SEASHELLS;9921.0;5
214000;;;COCONUT_COUPON;SEASHELLS;591.0;12
216400;;;COCONUT_COUPON;SEASHELLS;587.0;5
216700;;;COCONUT_COUPON;SEASHELLS;593.0;20
216800;;;COCONUT_COUPON;SEASHELLS;592.0;11
216800;;;COCONUT;SEASHELLS;9921.0;7
217000;;;COCONUT;SEASHELLS;9923.0;1
217500;;;COCONUT;SEASHELLS;9922.0;9
219400;;;COCONUT;SEASHELLS;9909.0;5
220900;;;COCONUT_COUPON;SEASHELLS;586.0;5
221500;;;COCONUT_COUPON;SEASHELLS;587.0;16
221600;;;COCONUT_COUPON;SEASHELLS;587.0;7
222000;;;COCONUT_COUPON;SEASHELLS;586.0;10
222300;;;COCONUT_COUPON;SEASHELLS;583.0;6
222700;;;COCONUT;SEASHELLS;9916.0;9
222800;;;COCONUT;SEASHELLS;9915.0;1
223500;;;COCONUT_COUPON;SEASHELLS;589.0;13
223700;;;COCONUT;SEASHELLS;9917.0;9
223900;;;COCONUT_COUPON;SEASHELLS;589.0;9
224000;;;COCONUT_COUPON;SEASHELLS;590.0;13
224200;;;COCONUT_COUPON;SEASHELLS;590.0;12
224400;;;COCONUT;SEASHELLS;9919.0;6
224700;;;COCONUT_COUPON;SEASHELLS;593.0;13
224800;;;COCONUT_COUPON;SEASHELLS;593.0;11
225000;;;COCONUT;SEASHELLS;9921.0;2
225300;;;COCONUT_COUPON;SEASHELLS;597.0;15
226900;;;COCONUT;SEASHELLS;9930.0;2
228100;;;COCONUT_COUPON;SEASHELLS;596.0;12
230000;;;COCONUT;SEASHELLS;9941.0;8
230300;;;COCONUT_COUPON;SEASHELLS;595.0;17
230700;;;COCONUT;SEASHELLS;9937.0;8
232000;;;COCONUT_COUPON;SEASHELLS;590.0;5
232000;;;COCONUT_COUPON;SEASHELLS;590.0;18
232300;;;COCONUT;SEASHELLS;9943.0;2
233200;;;COCONUT;SEASHELLS;9939.0;6
233300;;;COCONUT_COUPON;SEASHELLS;587.0;12
233500;;;COCONUT;SEASHELLS;9939.0;6
233600;;;COCONUT;SEASHELLS;9940.0;7
233900;;;COCONUT;SEASHELLS;9940.0;2
234200;;;COCONUT_COUPON;SEASHELLS;585.0;9
234500;;;COCONUT_COUPON;SEASHELLS;582.0;11
235000;;;COCONUT;SEASHELLS;9943.0;2
236400;;;COCONUT_COUPON;SEASHELLS;583.0;7
236400;;;COCONUT_COUPON;SEASHELLS;583.0;19
237400;;;COCONUT;SEASHELLS;9947.0;8
238000;;;COCONUT_COUPON;SEASHELLS;580.0;8
238400;;;COCONUT_COUPON;SEASHELLS;577.0;18
238600;;;COCONUT_COUPON;SEASHELLS;578.0;13
238800;;;COCONUT;SEASHELLS;9945.0;5
239000;;;COCONUT_COUPON;SEASHELLS;581.0;15
239100;;;COCONUT;SEASHELLS;9942.0;8
240400;;;COCONUT;SEASHELLS;9939.0;6
240800;;;COCONUT;SEASHELLS;9938.0;6
241500;;;COCONUT;SEASHELLS;9941.0;10
241600;;;COCONUT_COUPON;SEASHELLS;585.0;11
242200;;;COCONUT_COUPON;SEASHELLS;583.0;13
242800;;;COCONUT_COUPON;SEASHELLS;583.0;14
244200;;;COCONUT;SEASHELLS;9940.0;2
244600;;;COCONUT_COUPON;SEASHELLS;580.0;18
245500;;;COCONUT_COUPON;SEASHELLS;582.0;12
245600;;;COCONUT_COUPON;SEASHELLS;584.0;16
246800;;;COCONUT_COUPON;SEASHELLS;583.0;18
246900;;;COCONUT;SEASHELLS;9935.0;8
247800;;;COCONUT;SEASHELLS;9935.0;9
248500;;;COCONUT_COUPON;SEASHELLS;578.0;12
248600;;;COCONUT_COUPON;SEASHELLS;580.0;19
248700;;;COCONUT;SEASHELLS;9936.0;6
248800;;;COCONUT_COUPON;SEASHELLS;583.0;19
249200;;;COCONUT;SEASHELLS;9939.0;9
249200;;;COCONUT_COUPON;SEASHELLS;582.0;12
249400;;;COCONUT_COUPON;SEASHELLS;581.0;16
250500;;;COCONUT;SEASHELLS;9940.0;9
251700;;;COCONUT;SEASHELLS;9939.0;5
251800;;;COCONUT;SEASHELLS;9937.0;7
252200;;;COCONUT;SEASHELLS;9940.0;8
253300;;;COCONUT;SEASHELLS;9941.0;9
253400;;;COCONUT;SEASHELLS;9939.0;10
255200;;;COCONUT;SEASHELLS;9945.0;6
256800;;;COCONUT;SEASHELLS;9942.0;8
257700;;;COCONUT_COUPON;SEASHELLS;596.0;15
259500;;;COCONUT;SEASHELLS;9947.0;7
259900;;;COCONUT_COUPON;SEASHELLS;599.0;20
260000;;;COCONUT;SEASHELLS;9948.0;10
261600;;;COCONUT;SEASHELLS;9952.0;7
261900;;;COCONUT;SEASHELLS;9952.0;3
262200;;;COCONUT_COUPON;SEASHELLS;603.0;19
262500;;;COCONUT_COUPON;SEASHELLS;602.0;12
263100;;;COCONUT_COUPON;SEASHELLS;603.0;11
264300;;;COCONUT_COUPON;SEASHELLS;606.0;13
264800;;;COCONUT;SEASHELLS;9953.0;2
267100;;;COCONUT;SEASHELLS;9957.0;5
268300;;;COCONUT_COUPON;SEASHELLS;604.0;12
268400;;;COCONUT_COUPON;SEASHELLS;604.0;10
268800;;;COCONUT_COUPON;SEASHELLS;602.0;17
268900;;;COCONUT_COUPON;SEASHELLS;600.0;6
269100;;;COCONUT_COUPON;SEASHELLS;602.0;14
269700;;;COCONUT_COUPON;SEASHELLS;602.0;4
271300;;;COCONUT_COUPON;SEASHELLS;610.0;13
271400;;;COCONUT_COUPON;SEASHELLS;609.0;2
271400;;;COCONUT_COUPON;SEASHELLS;609.0;17
271400;;;COCONUT_COUPON;SEASHELLS;609.0;12
272400;;;COCONUT_COUPON;SEASHELLS;607.0;16
273000;;;COCONUT_COUPON;SEASHELLS;606.0;15
273100;;;COCONUT_COUPON;SEASHELLS;606.0;17
273400;;;COCONUT_COUPON;SEASHELLS;611.0;14
274200;;;COCONUT;SEASHELLS;9947.0;6
274500;;;COCONUT_COUPON;SEASHELLS;608.0;15
274600;;;COCONUT;SEASHELLS;9943.0;2
275100;;;COCONUT_COUPON;SEASHELLS;607.0;10
275500;;;COCONUT;SEASHELLS;9938.0;5
275700;;;COCONUT_COUPON;SEASHELLS;606.0;19
277600;;;COCONUT_COUPON;SEASHELLS;600.0;17
278500;;;COCONUT;SEASHELLS;9927.0;7
278600;;;COCONUT_COUPON;SEASHELLS;595.0;19
278600;;;COCONUT_COUPON;SEASHELLS;595.0;8
278600;;;COCONUT_COUPON;SEASHELLS;595.0;11
279500;;;COCONUT_COUPON;SEASHELLS;598.0;17
280800;;;COCONUT;SEASHELLS;9922.0;6
281600;;;COCONUT_COUPON;SEASHELLS;606.0;18
282000;;;COCONUT;SEASHELLS;9923.0;3
282200;;;COCONUT;SEASHELLS;9924.0;7
283400;;;COCONUT_COUPON;SEASHELLS;608.0;20
283800;;;COCONUT_COUPON;SEASHELLS;603.0;6
283900;;;COCONUT;SEASHELLS;9919.0;9
284100;;;COCONUT;SEASHELLS;9918.0;9
284200;;;COCONUT_COUPON;SEASHELLS;603.0;1
284200;;;COCONUT_COUPON;SEASHELLS;603.0;12
284200;;;COCONUT_COUPON;SEASHELLS;603.0;17
284200;;;COCONUT_COUPON;SEASHELLS;603.0;3
284200;;;COCONUT_COUPON;SEASHELLS;603.0;0
284400;;;COCONUT;SEASHELLS;9915.0;8
284900;;;COCONUT;SEASHELLS;9912.0;6
285900;;;COCONUT_COUPON;SEASHELLS;607.0;12
286200;;;COCONUT_COUPON;SEASHELLS;609.0;19
286800;;;COCONUT;SEASHELLS;9914.0;9
287400;;;COCONUT_COUPON;SEASHELLS;606.0;6
287800;;;COCONUT;SEASHELLS;9916.0;9
289600;;;COCONUT_COUPON;SEASHELLS;593.0;5
290500;;;COCONUT_COUPON;SEASHELLS;591.0;19
291000;;;COCONUT;SEASHELLS;9910.0;8
291800;;;COCONUT;SEASHELLS;9907.0;5
292300;;;COCONUT;SEASHELLS;9907.0;3
293400;;;COCONUT_COUPON;SEASHELLS;587.0;5
294800;;;COCONUT;SEASHELLS;9911.0;6
295700;;;COCONUT;SEASHELLS;9913.0;9
295700;;;COCONUT;SEASHELLS;9913.0;7
296500;;;COCONUT;SEASHELLS;9912.0;3
296800;;;COCONUT_COUPON;SEASHELLS;593.0;10
297200;;;COCONUT;SEASHELLS;9910.0;10
298400;;;COCONUT;SEASHELLS;9913.0;5
298900;;;COCONUT_COUPON;SEASHELLS;597.0;14
300000;;;COCONUT;SEASHELLS;9911.0;8
300000;;;COCONUT_COUPON;SEASHELLS;594.0;14
300100;;;COCONUT;SEASHELLS;9909.0;7
301600;;;COCONUT_COUPON;SEASHELLS;599.0;19
302400;;;COCONUT_COUPON;SEASHELLS;599.0;16
302700;;;COCONUT_COUPON;SEASHELLS;599.0;10
303000;;;COCONUT_COUPON;SEASHELLS;601.0;18
304300;;;COCONUT;SEASHELLS;9910.0;9
304300;;;COCONUT_COUPON;SEASHELLS;597.0;13
305700;;;COCONUT_COUPON;SEASHELLS;596.0;8
305800;;;COCONUT_COUPON;SEASHELLS;597.0;14
309500;;;COCONUT_COUPON;SEASHELLS;585.0;11
309600;;;COCONUT_COUPON;SEASHELLS;585.0;14
310000;;;COCONUT_COUPON;SEASHELLS;583.0;15
311100;;;COCONUT_COUPON;SEASHELLS;581.0;7
311400;;;COCONUT;SEASHELLS;9919.0;5
311400;;;COCONUT_COUPON;SEASHELLS;579.0;5
311500;;;COCONUT;SEASHELLS;9917.0;8
312600;;;COCONUT_COUPON;SEASHELLS;576.0;19
313100;;;COCONUT_COUPON;SEASHELLS;576.0;16
313300;;;COCONUT;SEASHELLS;9916.0;8
313400;;;COCONUT_COUPON;SEASHELLS;578.0;16
313800;;;COCONUT;SEASHELLS;9916.0;9
314500;;;COCONUT_COUPON;SEASHELLS;583.0;17
315400;;;COCONUT;SEASHELLS;9912.0;6
315900;;;COCONUT_COUPON;SEASHELLS;587.0;15
317700;;;COCONUT;SEASHELLS;9906.0;7
317800;;;COCONUT_COUPON;SEASHELLS;587.0;14
319100;;;COCONUT_COUPON;SEASHELLS;580.0;9
319500;;;COCONUT;SEASHELLS;9896.0;6
321100;;;COCONUT_COUPON;SEASHELLS;586.0;13
321100;;;COCONUT;SEASHELLS;9900.0;3
321700;;;COCONUT;SEASHELLS;9900.0;8
321800;;;COCONUT_COUPON;SEASHELLS;587.0;19
322000;;;COCONUT_COUPON;SEASHELLS;586.0;13
325200;;;COCONUT_COUPON;SEASHELLS;594.0;13
325400;;;COCONUT_COUPON;SEASHELLS;594.0;13
325700;;;COCONUT_COUPON;SEASHELLS;593.0;12
326200;;;COCONUT_COUPON;SEASHELLS;590.0;8
327300;;;COCONUT;SEASHELLS;9893.0;10
328000;;;COCONUT;SEASHELLS;9898.0;8
329400;;;COCONUT_COUPON;SEASHELLS;600.0;14
329500;;;COCONUT;SEASHELLS;9903.0;9
330500;;;COCONUT_COUPON;SEASHELLS;599.0;17
331200;;;COCONUT;SEASHELLS;9903.0;5
331200;;;COCONUT;SEASHELLS;9903.0;2
332300;;;COCONUT_COUPON;SEASHELLS;597.0;12
333700;;;COCONUT_COUPON;SEASHELLS;596.0;20
334500;;;COCONUT_COUPON;SEASHELLS;598.0;20
334900;;;COCONUT;SEASHELLS;9898.0;8
335100;;;COCONUT;SEASHELLS;9899.0;1
335100;;;COCONUT_COUPON;SEASHELLS;596.0;10
337100;;;COCONUT;SEASHELLS;9897.0;10
337600;;;COCONUT;SEASHELLS;9899.0;10
338500;;;COCONUT;SEASHELLS;9897.0;8
338600;;;COCONUT;SEASHELLS;9897.0;9
340000;;;COCONUT_COUPON;SEASHELLS;594.0;4
340000;;;COCONUT_COUPON;SEASHELLS;594.0;15
340100;;;COCONUT_COUPON;SEASHELLS;595.0;20
341900;;;COCONUT;SEASHELLS;9897.0;7
342300;;;COCONUT_COUPON;SEASHELLS;591.0;12
343000;;;COCONUT_COUPON;SEASHELLS;590.0;4
344100;;;COCONUT_COUPON;SEASHELLS;590.0;20
344200;;;COCONUT_COUPON;SEASHELLS;591.0;12
344700;;;COCONUT;SEASHELLS;9897.0;8
345300;;;COCONUT;SEASHELLS;9894.0;5
345700;;;COCONUT_COUPON;SEASHELLS;592.0;7
346600;;;COCONUT;SEASHELLS;9893.0;8
348800;;;COCONUT;SEASHELLS;9891.0;9
349100;;;COCONUT;SEASHELLS;9888.0;5
349500;;;COCONUT;SEASHELLS;9890.0;5
350400;;;COCONUT_COUPON;SEASHELLS;592.0;15
350700;;;COCONUT_COUPON;SEASHELLS;591.0;17
350700;;;COCONUT_COUPON;SEASHELLS;591.0;4
350800;;;COCONUT_COUPON;SEASHELLS;591.0;13
351400;;;COCONUT_COUPON;SEASHELLS;592.0;11
351700;;;COCONUT_COUPON;SEASHELLS;591.0;16
352200;;;COCONUT_COUPON;SEASHELLS;588.0;15
352900;;;COCONUT;SEASHELLS;9882.0;6
354200;;;COCONUT_COUPON;SEASHELLS;587.0;20
354500;;;COCONUT_COUPON;SEASHELLS;587.0;13
354700;;;COCONUT_COUPON;SEASHELLS;588.0;10
355000;;;COCONUT_COUPON;SEASHELLS;589.0;15
356400;;;COCONUT_COUPON;SEASHELLS;583.0;12
356600;;;COCONUT_COUPON;SEASHELLS;581.0;9
356700;;;COCONUT;SEASHELLS;9889.0;6
356800;;;COCONUT_COUPON;SEASHELLS;582.0;15
357000;;;COCONUT_COUPON;SEASHELLS;581.0;13
358700;;;COCONUT_COUPON;SEASHELLS;584.0;15
358700;;;COCONUT;SEASHELLS;9892.0;7
360400;;;COCONUT_COUPON;SEASHELLS;584.0;11
361300;;;COCONUT_COUPON;SEASHELLS;582.0;16
361700;;;COCONUT_COUPON;SEASHELLS;579.0;17
361900;;;COCONUT;SEASHELLS;9892.0;7
362800;;;COCONUT;SEASHELLS;9885.0;2
363100;;;COCONUT_COUPON;SEASHELLS;578.0;15
363700;;;COCONUT_COUPON;SEASHELLS;577.0;15
367000;;;COCONUT_COUPON;SEASHELLS;565.0;10
367100;;;COCONUT;SEASHELLS;9881.0;9
368900;;;COCONUT_COUPON;SEASHELLS;563.0;12
369400;;;COCONUT;SEASHELLS;9873.0;5
369400;;;COCONUT_COUPON;SEASHELLS;563.0;10
369600;;;COCONUT_COUPON;SEASHELLS;565.0;13
370400;;;COCONUT;SEASHELLS;9873.0;5
370900;;;COCONUT;SEASHELLS;9875.0;5
371200;;;COCONUT;SEASHELLS;9875.0;7
371800;;;COCONUT_COUPON;SEASHELLS;558.0;9
372200;;;COCONUT_COUPON;SEASHELLS;560.0;13
372800;;;COCONUT_COUPON;SEASHELLS;559.0;15
373200;;;COCONUT_COUPON;SEASHELLS;558.0;12
373400;;;COCONUT_COUPON;SEASHELLS;558.0;5
373400;;;COCONUT;SEASHELLS;9869.0;5
374100;;;COCONUT;SEASHELLS;9866.0;5
374200;;;COCONUT_COUPON;SEASHELLS;559.0;20
374900;;;COCONUT;SEASHELLS;9867.0;5
375700;;;COCONUT_COUPON;SEASHELLS;568.0;10
376500;;;COCONUT_COUPON;SEASHELLS;565.0;8
376500;;;COCONUT_COUPON;SEASHELLS;564.0;19
377600;;;COCONUT;SEASHELLS;9862.0;1
378000;;;COCONUT_COUPON;SEASHELLS;558.0;19
379300;;;COCONUT;SEASHELLS;9863.0;7
380700;;;COCONUT;SEASHELLS;9865.0;9
381300;;;COCONUT_COUPON;SEASHELLS;557.0;18
382000;;;COCONUT;SEASHELLS;9871.0;9
382300;;;COCONUT;SEASHELLS;9871.0;10
382500;;;COCONUT_COUPON;SEASHELLS;558.0;17
382700;;;COCONUT;SEASHELLS;9876.0;10
383100;;;COCONUT;SEASHELLS;9874.0;8
383900;;;COCONUT_COUPON;SEASHELLS;565.0;19
384300;;;COCONUT_COUPON;SEASHELLS;564.0;16
384400;;;COCONUT_COUPON;SEASHELLS;564.0;6
386300;;;COCONUT;SEASHELLS;9877.0;8
386300;;;COCONUT_COUPON;SEASHELLS;573.0;9
387100;;;COCONUT_COUPON;SEASHELLS;575.0;16
387100;;;COCONUT_COUPON;SEASHELLS;575.0;1
387300;;;COCONUT;SEASHELLS;9876.0;7
388400;;;COCONUT;SEASHELLS;9876.0;7
388700;;;COCONUT_COUPON;SEASHELLS;575.0;18
389500;;;COCONUT_COUPON;SEASHELLS;577.0;16
390200;;;COCONUT_COUPON;SEASHELLS;576.0;19
391200;;;COCONUT_COUPON;SEASHELLS;577.0;16
391200;;;COCONUT_COUPON;SEASHELLS;577.0;3
393300;;;COCONUT_COUPON;SEASHELLS;572.0;18
393600;;;COCONUT;SEASHELLS;9887.0;7
394600;;;COCONUT_COUPON;SEASHELLS;569.0;14
395100;;;COCONUT_COUPON;SEASHELLS;569.0;15
395100;;;COCONUT_COUPON;SEASHELLS;569.0;5
395500;;;COCONUT_COUPON;SEASHELLS;572.0;17
395700;;;COCONUT;SEASHELLS;9886.0;5
396300;;;COCONUT;SEASHELLS;9883.0;1
397200;;;COCONUT_COUPON;SEASHELLS;570.0;7
397500;;;COCONUT_COUPON;SEASHELLS;570.0;18
397800;;;COCONUT_COUPON;SEASHELLS;569.0;19
398500;;;COCONUT;SEASHELLS;9881.0;7
399400;;;COCONUT;SEASHELLS;9884.0;2
400800;;;COCONUT_COUPON;SEASHELLS;573.0;13
400900;;;COCONUT_COUPON;SEASHELLS;572.0;10
401200;;;COCONUT;SEASHELLS;9886.0;9
402000;;;COCONUT_COUPON;SEASHELLS;567.0;8
402700;;;COCONUT_COUPON;SEASHELLS;567.0;17
402700;;;COCONUT_COUPON;SEASHELLS;567.0;1
404700;;;COCONUT_COUPON;SEASHELLS;569.0;14
404900;;;COCONUT_COUPON;SEASHELLS;569.0;20
405400;;;COCONUT_COUPON;SEASHELLS;568.0;10
406100;;;COCONUT_COUPON;SEASHELLS;566.0;11
406100;;;COCONUT;SEASHELLS;9896.0;1
406200;;;COCONUT_COUPON;SEASHELLS;565.0;5
407300;;;COCONUT_COUPON;SEASHELLS;569.0;10
407500;;;COCONUT_COUPON;SEASHELLS;569.0;6
407700;;;COCONUT_COUPON;SEASHELLS;570.0;13
407800;;;COCONUT_COUPON;SEASHELLS;570.0;8
407800;;;COCONUT;SEASHELLS;9894.0;9
407900;;;COCONUT_COUPON;SEASHELLS;571.0;17
408100;;;COCONUT_COUPON;SEASHELLS;573.0;19
409000;;;COCONUT_COUPON;SEASHELLS;572.0;12
409300;;;COCONUT;SEASHELLS;9895.0;8
409400;;;COCONUT_COUPON;SEASHELLS;571.0;19
410100;;;COCONUT_COUPON;SEASHELLS;574.0;19
412000;;;COCONUT;SEASHELLS;9897.0;5
412200;;;COCONUT_COUPON;SEASHELLS;580.0;18
412300;;;COCONUT;SEASHELLS;9897.0;10
412500;;;COCONUT;SEASHELLS;9896.0;10
413400;;;COCONUT_COUPON;SEASHELLS;579.0;14
414300;;;COCONUT_COUPON;SEASHELLS;577.0;5
414400;;;COCONUT;SEASHELLS;9892.0;9
416100;;;COCONUT_COUPON;SEASHELLS;578.0;6
417300;;;COCONUT;SEASHELLS;9897.0;9
418800;;;COCONUT_COUPON;SEASHELLS;580.0;5
419700;;;COCONUT;SEASHELLS;9893.0;5
419700;;;COCONUT_COUPON;SEASHELLS;584.0;17
419800;;;COCONUT_COUPON;SEASHELLS;584.0;16
420200;;;COCONUT_COUPON;SEASHELLS;582.0;9
420300;;;COCONUT;SEASHELLS;9899.0;9
421300;;;COCONUT_COUPON;SEASHELLS;582.0;17
421700;;;COCONUT_COUPON;SEASHELLS;587.0;19
424000;;;COCONUT;SEASHELLS;9891.0;7
424400;;;COCONUT_COUPON;SEASHELLS;583.0;16
425200;;;COCONUT_COUPON;SEASHELLS;582.0;10
425800;;;COCONUT;SEASHELLS;9894.0;9
425900;;;COCONUT_COUPON;SEASHELLS;582.0;11
427400;;;COCONUT;SEASHELLS;9898.0;7
428000;;;COCONUT_COUPON;SEASHELLS;583.0;15
428600;;;COCONUT;SEASHELLS;9898.0;1
429800;;;COCONUT;SEASHELLS;9892.0;7
430100;;;COCONUT;SEASHELLS;9895.0;8
430900;;;COCONUT_COUPON;SEASHELLS;578.0;11
430900;;;COCONUT_COUPON;SEASHELLS;577.0;2
430900;;;COCONUT_COUPON;SEASHELLS;577.0;17
432700;;;COCONUT_COUPON;SEASHELLS;579.0;16
433100;;;COCONUT_COUPON;SEASHELLS;580.0;15
433500;;;COCONUT_COUPON;SEASHELLS;582.0;20
434400;;;COCONUT_COUPON;SEASHELLS;580.0;13
434800;;;COCONUT;SEASHELLS;9892.0;10
435600;;;COCONUT_COUPON;SEASHELLS;588.0;18
437200;;;COCONUT_COUPON;SEASHELLS;583.0;15
437500;;;COCONUT;SEASHELLS;9884.0;8
437600;;;COCONUT;SEASHELLS;9883.0;5
438500;;;COCONUT_COUPON;SEASHELLS;584.0;18
439300;;;COCONUT;SEASHELLS;9882.0;8
439400;;;COCONUT;SEASHELLS;9882.0;5
439600;;;COCONUT_COUPON;SEASHELLS;583.0;7
439700;;;COCONUT;SEASHELLS;9883.0;5
439900;;;COCONUT_COUPON;SEASHELLS;581.0;17
440600;;;COCONUT_COUPON;SEASHELLS;581.0;10
441100;;;COCONUT_COUPON;SEASHELLS;580.0;16
442100;;;COCONUT_COUPON;SEASHELLS;579.0;17
443500;;;COCONUT_COUPON;SEASHELLS;582.0;7
444200;;;COCONUT_COUPON;SEASHELLS;579.0;16
445100;;;COCONUT_COUPON;SEASHELLS;580.0;17
445600;;;COCONUT_COUPON;SEASHELLS;580.0;18
446400;;;COCONUT;SEASHELLS;9882.0;10
446600;;;COCONUT_COUPON;SEASHELLS;580.0;11
447300;;;COCONUT_COUPON;SEASHELLS;574.0;18
447700;;;COCONUT_COUPON;SEASHELLS;574.0;15
448000;;;COCONUT_COUPON;SEASHELLS;573.0;7
448100;;;COCONUT_COUPON;SEASHELLS;573.0;9
448500;;;COCONUT_COUPON;SEASHELLS;575.0;6
448900;;;COCONUT;SEASHELLS;9873.0;7
448900;;;COCONUT_COUPON;SEASHELLS;576.0;12
450600;;;COCONUT;SEASHELLS;9870.0;3
453000;;;COCONUT;SEASHELLS;9873.0;1
455200;;;COCONUT;SEASHELLS;9876.0;7
455600;;;COCONUT_COUPON;SEASHELLS;568.0;19
455600;;;COCONUT_COUPON;SEASHELLS;568.0;1
456000;;;COCONUT_COUPON;SEASHELLS;567.0;18
457700;;;COCONUT_COUPON;SEASHELLS;564.0;9
458100;;;COCONUT_COUPON;SEASHELLS;567.0;16
458100;;;COCONUT;SEASHELLS;9874.0;9
458400;;;COCONUT;SEASHELLS;9875.0;7
458400;;;COCONUT_COUPON;SEASHELLS;570.0;16
458600;;;COCONUT;SEASHELLS;9873.0;7
459300;;;COCONUT_COUPON;SEASHELLS;563.0;18
459900;;;COCONUT;SEASHELLS;9869.0;5
460100;;;COCONUT;SEASHELLS;9869.0;5
461400;;;COCONUT;SEASHELLS;9868.0;6
462700;;;COCONUT_COUPON;SEASHELLS;568.0;8
463200;;;COCONUT;SEASHELLS;9867.0;6
463900;;;COCONUT_COUPON;SEASHELLS;567.0;17
464200;;;COCONUT_COUPON;SEASHELLS;569.0;13
464300;;;COCONUT;SEASHELLS;9865.0;5
465200;;;COCONUT_COUPON;SEASHELLS;574.0;5
466300;;;COCONUT_COUPON;SEASHELLS;574.0;16
467300;;;COCONUT_COUPON;SEASHELLS;573.0;11
467600;;;COCONUT_COUPON;SEASHELLS;573.0;14
468300;;;COCONUT_COUPON;SEASHELLS;574.0;13
468800;;;COCONUT_COUPON;SEASHELLS;576.0;18
469000;;;COCONUT_COUPON;SEASHELLS;579.0;13
469100;;;COCONUT;SEASHELLS;9874.0;8
469800;;;COCONUT_COUPON;SEASHELLS;585.0;14
470200;;;COCONUT;SEASHELLS;9871.0;9
470500;;;COCONUT;SEASHELLS;9870.0;9
471100;;;COCONUT_COUPON;SEASHELLS;581.0;5
471200;;;COCONUT;SEASHELLS;9872.0;10
471700;;;COCONUT;SEASHELLS;9875.0;1
472000;;;COCONUT_COUPON;SEASHELLS;584.0;10
472200;;;COCONUT_COUPON;SEASHELLS;583.0;13
472700;;;COCONUT_COUPON;SEASHELLS;581.0;20
472700;;;COCONUT_COUPON;SEASHELLS;581.0;5
473200;;;COCONUT;SEASHELLS;9871.0;8
474600;;;COCONUT_COUPON;SEASHELLS;579.0;18
474800;;;COCONUT_COUPON;SEASHELLS;578.0;19
475400;;;COCONUT_COUPON;SEASHELLS;577.0;6
475600;;;COCONUT_COUPON;SEASHELLS;576.0;18
475700;;;COCONUT;SEASHELLS;9868.0;5
476100;;;COCONUT;SEASHELLS;9872.0;8
477200;;;COCONUT_COUPON;SEASHELLS;592.0;11
478700;;;COCONUT;SEASHELLS;9879.0;7
479000;;;COCONUT_COUPON;SEASHELLS;596.0;12
479600;;;COCONUT;SEASHELLS;9878.0;8
479900;;;COCONUT_COUPON;SEASHELLS;592.0;17
480100;;;COCONUT;SEASHELLS;9878.0;8
480100;;;COCONUT_COUPON;SEASHELLS;591.0;12
480200;;;COCONUT;SEASHELLS;9876.0;1
480400;;;COCONUT_COUPON;SEASHELLS;590.0;5
480900;;;COCONUT;SEASHELLS;9877.0;6
481200;;;COCONUT;SEASHELLS;9877.0;10
481400;;;COCONUT_COUPON;SEASHELLS;593.0;13
481700;;;COCONUT_COUPON;SEASHELLS;591.0;17
481900;;;COCONUT;SEASHELLS;9874.0;2
482200;;;COCONUT;SEASHELLS;9873.0;5
482300;;;COCONUT;SEASHELLS;9873.0;9
482300;;;COCONUT;SEASHELLS;9874.0;9
482600;;;COCONUT_COUPON;SEASHELLS;586.0;19
482800;;;COCONUT_COUPON;SEASHELLS;583.0;14
483900;;;COCONUT;SEASHELLS;9874.0;10
484500;;;COCONUT_COUPON;SEASHELLS;590.0;20
484500;;;COCONUT_COUPON;SEASHELLS;590.0;10
484500;;;COCONUT_COUPON;SEASHELLS;590.0;7
484800;;;COCONUT_COUPON;SEASHELLS;590.0;16
485300;;;COCONUT_COUPON;SEASHELLS;587.0;15
485500;;;COCONUT_COUPON;SEASHELLS;583.0;12
485900;;;COCONUT_COUPON;SEASHELLS;586.0;18
486200;;;COCONUT;SEASHELLS;9878.0;10
487200;;;COCONUT;SEASHELLS;9876.0;8
488200;;;COCONUT;SEASHELLS;9875.0;6
488700;;;COCONUT_COUPON;SEASHELLS;582.0;11
488900;;;COCONUT;SEASHELLS;9874.0;9
490300;;;COCONUT;SEASHELLS;9872.0;7
492000;;;COCONUT_COUPON;SEASHELLS;569.0;9
493800;;;COCONUT_COUPON;SEASHELLS;568.0;1
493800;;;COCONUT_COUPON;SEASHELLS;568.0;19
495100;;;COCONUT_COUPON;SEASHELLS;566.0;13
495700;;;COCONUT;SEASHELLS;9876.0;6
496600;;;COCONUT_COUPON;SEASHELLS;567.0;16
497000;;;COCONUT;SEASHELLS;9880.0;1
497000;;;COCONUT;SEASHELLS;9879.0;10
497100;;;COCONUT_COUPON;SEASHELLS;565.0;15
497300;;;COCONUT;SEASHELLS;9873.0;10
498500;;;COCONUT_COUPON;SEASHELLS;559.0;14
498900;;;COCONUT_COUPON;SEASHELLS;558.0;12
499500;;;COCONUT_COUPON;SEASHELLS;556.0;19
501000;;;COCONUT_COUPON;SEASHELLS;559.0;18
501100;;;COCONUT_COUPON;SEASHELLS;561.0;16
501500;;;COCONUT;SEASHELLS;9866.0;2
502800;;;COCONUT_COUPON;SEASHELLS;562.0;15
502800;;;COCONUT_COUPON;SEASHELLS;562.0;10
503100;;;COCONUT_COUPON;SEASHELLS;559.0;2
503100;;;COCONUT_COUPON;SEASHELLS;559.0;16
504200;;;COCONUT_COUPON;SEASHELLS;561.0;14
505800;;;COCONUT;SEASHELLS;9869.0;5
506000;;;COCONUT;SEASHELLS;9870.0;6
506400;;;COCONUT_COUPON;SEASHELLS;565.0;5
506400;;;COCONUT_COUPON;SEASHELLS;565.0;15
507400;;;COCONUT;SEASHELLS;9871.0;5
508200;;;COCONUT;SEASHELLS;9869.0;8
508300;;;COCONUT_COUPON;SEASHELLS;571.0;17
508600;;;COCONUT_COUPON;SEASHELLS;572.0;17
508800;;;COCONUT_COUPON;SEASHELLS;572.0;17
510300;;;COCONUT_COUPON;SEASHELLS;576.0;20
510400;;;COCONUT_COUPON;SEASHELLS;574.0;15
510500;;;COCONUT_COUPON;SEASHELLS;576.0;17
511200;;;COCONUT;SEASHELLS;9876.0;3
512200;;;COCONUT;SEASHELLS;9868.0;1
512400;;;COCONUT;SEASHELLS;9870.0;10
513000;;;COCONUT_COUPON;SEASHELLS;578.0;10
514500;;;COCONUT;SEASHELLS;9876.0;2
514600;;;COCONUT;SEASHELLS;9878.0;9
515400;;;COCONUT_COUPON;SEASHELLS;579.0;13
517800;;;COCONUT_COUPON;SEASHELLS;578.0;6
518300;;;COCONUT_COUPON;SEASHELLS;575.0;14
518400;;;COCONUT_COUPON;SEASHELLS;572.0;6
518600;;;COCONUT;SEASHELLS;9877.0;5
519400;;;COCONUT_COUPON;SEASHELLS;569.0;5
519700;;;COCONUT_COUPON;SEASHELLS;573.0;16
519800;;;COCONUT_COUPON;SEASHELLS;573.0;11
520000;;;COCONUT;SEASHELLS;9883.0;7
521900;;;COCONUT_COUPON;SEASHELLS;577.0;12
523000;;;COCONUT_COUPON;SEASHELLS;572.0;20
523100;;;COCONUT;SEASHELLS;9879.0;8
523400;;;COCONUT_COUPON;SEASHELLS;572.0;13
523400;;;COCONUT_COUPON;SEASHELLS;572.0;6
523400;;;COCONUT_COUPON;SEASHELLS;572.0;12
524800;;;COCONUT;SEASHELLS;9878.0;6
526000;;;COCONUT_COUPON;SEASHELLS;572.0;9
526300;;;COCONUT;SEASHELLS;9877.0;7
526600;;;COCONUT;SEASHELLS;9878.0;8
526600;;;COCONUT_COUPON;SEASHELLS;572.0;8
526800;;;COCONUT_COUPON;SEASHELLS;573.0;17
527900;;;COCONUT_COUPON;SEASHELLS;575.0;10
529500;;;COCONUT_COUPON;SEASHELLS;572.0;16
529900;;;COCONUT;SEASHELLS;9871.0;7
530400;;;COCONUT_COUPON;SEASHELLS;570.0;12
531600;;;COCONUT_COUPON;SEASHELLS;572.0;17
531700;;;COCONUT;SEASHELLS;9869.0;8
531800;;;COCONUT_COUPON;SEASHELLS;572.0;5
532600;;;COCONUT_COUPON;SEASHELLS;571.0;2
532600;;;COCONUT_COUPON;SEASHELLS;571.0;17
533000;;;COCONUT_COUPON;SEASHELLS;573.0;4
533000;;;COCONUT_COUPON;SEASHELLS;573.0;15
533500;;;COCONUT;SEASHELLS;9878.0;8
534600;;;COCONUT;SEASHELLS;9881.0;2
534900;;;COCONUT_COUPON;SEASHELLS;566.0;20
535200;;;COCONUT_COUPON;SEASHELLS;564.0;4
535200;;;COCONUT_COUPON;SEASHELLS;564.0;15
535300;;;COCONUT_COUPON;SEASHELLS;564.0;12
536000;;;COCONUT_COUPON;SEASHELLS;567.0;9
536100;;;COCONUT;SEASHELLS;9873.0;5
537100;;;COCONUT_COUPON;SEASHELLS;569.0;10
537600;;;COCONUT_COUPON;SEASHELLS;571.0;13
537800;;;COCONUT;SEASHELLS;9867.0;7
538200;;;COCONUT_COUPON;SEASHELLS;569.0;13
538500;;;COCONUT_COUPON;SEASHELLS;570.0;17
538800;;;COCONUT_COUPON;SEASHELLS;571.0;20
539400;;;COCONUT;SEASHELLS;9868.0;9
541600;;;COCONUT;SEASHELLS;9854.0;9
542000;;;COCONUT;SEASHELLS;9853.0;3
542900;;;COCONUT_COUPON;SEASHELLS;560.0;20
543300;;;COCONUT_COUPON;SEASHELLS;561.0;16
543300;;;COCONUT_COUPON;SEASHELLS;561.0;4
543500;;;COCONUT_COUPON;SEASHELLS;561.0;15
543500;;;COCONUT_COUPON;SEASHELLS;561.0;3
545000;;;COCONUT_COUPON;SEASHELLS;566.0;10
545500;;;COCONUT;SEASHELLS;9848.0;5
545900;;;COCONUT_COUPON;SEASHELLS;568.0;14
546100;;;COCONUT_COUPON;SEASHELLS;567.0;19
547200;;;COCONUT_COUPON;SEASHELLS;566.0;20
547900;;;COCONUT_COUPON;SEASHELLS;564.0;18
548400;;;COCONUT_COUPON;SEASHELLS;564.0;13
549200;;;COCONUT_COUPON;SEASHELLS;563.0;14
549400;;;COCONUT_COUPON;SEASHELLS;564.0;18
550200;;;COCONUT;SEASHELLS;9842.0;2
550300;;;COCONUT;SEASHELLS;9843.0;9
554500;;;COCONUT;SEASHELLS;9846.0;6
555300;;;COCONUT_COUPON;SEASHELLS;565.0;17
556300;;;COCONUT;SEASHELLS;9844.0;7
557600;;;COCONUT_COUPON;SEASHELLS;560.0;16
559900;;;COCONUT_COUPON;SEASHELLS;556.0;12
560500;;;COCONUT_COUPON;SEASHELLS;550.0;15
560800;;;COCONUT_COUPON;SEASHELLS;549.0;18
561800;;;COCONUT_COUPON;SEASHELLS;552.0;6
562300;;;COCONUT;SEASHELLS;9834.0;8
563000;;;COCONUT_COUPON;SEASHELLS;550.0;20
563200;;;COCONUT;SEASHELLS;9832.0;5
564500;;;COCONUT_COUPON;SEASHELLS;553.0;12
564900;;;COCONUT_COUPON;SEASHELLS;553.0;13
565000;;;COCONUT;SEASHELLS;9830.0;10
565500;;;COCONUT_COUPON;SEASHELLS;553.0;18
565800;;;COCONUT;SEASHELLS;9830.0;8
566400;;;COCONUT;SEASHELLS;9828.0;5
566400;;;COCONUT_COUPON;SEASHELLS;547.0;4
567700;;;COCONUT;SEASHELLS;9828.0;2
568800;;;COCONUT_COUPON;SEASHELLS;539.0;14
569700;;;COCONUT_COUPON;SEASHELLS;539.0;19
569800;;;COCONUT;SEASHELLS;9823.0;10
570200;;;COCONUT;SEASHELLS;9826.0;6
570800;;;COCONUT_COUPON;SEASHELLS;533.0;13
570900;;;COCONUT_COUPON;SEASHELLS;531.0;15
571000;;;COCONUT_COUPON;SEASHELLS;531.0;17
571100;;;COCONUT_COUPON;SEASHELLS;531.0;7
572000;;;COCONUT_COUPON;SEASHELLS;536.0;11
573600;;;COCONUT;SEASHELLS;9814.0;1
574500;;;COCONUT;SEASHELLS;9813.0;10
574700;;;COCONUT_COUPON;SEASHELLS;538.0;11
575000;;;COCONUT;SEASHELLS;9811.0;5
575500;;;COCONUT_COUPON;SEASHELLS;538.0;18
575600;;;COCONUT_COUPON;SEASHELLS;538.0;10
576200;;;COCONUT;SEASHELLS;9813.0;6
576900;;;COCONUT;SEASHELLS;9815.0;7
577000;;;COCONUT_COUPON;SEASHELLS;535.0;15
577300;;;COCONUT_COUPON;SEASHELLS;536.0;2
577300;;;COCONUT_COUPON;SEASHELLS;536.0;16
577900;;;COCONUT_COUPON;SEASHELLS;536.0;10
579800;;;COCONUT_COUPON;SEASHELLS;533.0;10
580200;;;COCONUT;SEASHELLS;9811.0;7
580300;;;COCONUT_COUPON;SEASHELLS;531.0;20
580400;;;COCONUT;SEASHELLS;9810.0;3
580800;;;COCONUT_COUPON;SEASHELLS;536.0;20
580800;;;COCONUT;SEASHELLS;9815.0;10
581000;;;COCONUT;SEASHELLS;9815.0;5
581600;;;COCONUT;SEASHELLS;9816.0;6
581600;;;COCONUT_COUPON;SEASHELLS;537.0;12
581800;;;COCONUT;SEASHELLS;9816.0;9
582000;;;COCONUT;SEASHELLS;9817.0;10
583400;;;COCONUT_COUPON;SEASHELLS;540.0;11
583700;;;COCONUT;SEASHELLS;9818.0;7
585200;;;COCONUT;SEASHELLS;9827.0;8
586100;;;COCONUT;SEASHELLS;9824.0;3
586600;;;COCONUT;SEASHELLS;9828.0;7
587100;;;COCONUT_COUPON;SEASHELLS;544.0;17
587200;;;COCONUT_COUPON;SEASHELLS;545.0;12
588000;;;COCONUT_COUPON;SEASHELLS;550.0;10
588600;;;COCONUT;SEASHELLS;9828.0;2
588700;;;COCONUT;SEASHELLS;9827.0;6
588700;;;COCONUT;SEASHELLS;9827.0;7
589100;;;COCONUT_COUPON;SEASHELLS;556.0;11
589500;;;COCONUT;SEASHELLS;9824.0;10
589500;;;COCONUT_COUPON;SEASHELLS;557.0;16
590600;;;COCONUT_COUPON;SEASHELLS;566.0;13
591400;;;COCONUT;SEASHELLS;9834.0;5
592600;;;COCONUT_COUPON;SEASHELLS;571.0;12
593000;;;COCONUT_COUPON;SEASHELLS;570.0;4
593500;;;COCONUT;SEASHELLS;9838.0;7
593800;;;COCONUT;SEASHELLS;9836.0;6
595100;;;COCONUT_COUPON;SEASHELLS;569.0;17
595100;;;COCONUT_COUPON;SEASHELLS;569.0;1
596600;;;COCONUT_COUPON;SEASHELLS;565.0;11
596700;;;COCONUT_COUPON;SEASHELLS;564.0;14
596900;;;COCONUT;SEASHELLS;9839.0;9
597400;;;COCONUT_COUPON;SEASHELLS;563.0;14
597400;;;COCONUT;SEASHELLS;9841.0;2
597900;;;COCONUT;SEASHELLS;9842.0;6
598100;;;COCONUT_COUPON;SEASHELLS;567.0;9
600400;;;COCONUT_COUPON;SEASHELLS;571.0;11
600400;;;COCONUT;SEASHELLS;9848.0;10
600700;;;COCONUT;SEASHELLS;9846.0;9
600900;;;COCONUT;SEASHELLS;9845.0;6
601100;;;COCONUT;SEASHELLS;9846.0;7
602300;;;COCONUT_COUPON;SEASHELLS;567.0;6
602700;;;COCONUT_COUPON;SEASHELLS;568.0;11
603100;;;COCONUT;SEASHELLS;9837.0;7
604900;;;COCONUT_COUPON;SEASHELLS;569.0;12
606300;;;COCONUT_COUPON;SEASHELLS;565.0;17
606300;;;COCONUT_COUPON;SEASHELLS;565.0;12
606300;;;COCONUT_COUPON;SEASHELLS;565.0;4
606400;;;COCONUT;SEASHELLS;9834.0;7
607300;;;COCONUT;SEASHELLS;9831.0;8
607400;;;COCONUT;SEASHELLS;9833.0;2
607400;;;COCONUT_COUPON;SEASHELLS;566.0;7
607800;;;COCONUT;SEASHELLS;9834.0;8
607900;;;COCONUT;SEASHELLS;9834.0;7
608000;;;COCONUT_COUPON;SEASHELLS;569.0;11
609600;;;COCONUT_COUPON;SEASHELLS;564.0;10
610300;;;COCONUT_COUPON;SEASHELLS;559.0;14
610600;;;COCONUT;SEASHELLS;9827.0;5
610800;;;COCONUT_COUPON;SEASHELLS;558.0;17
610800;;;COCONUT_COUPON;SEASHELLS;558.0;1
610800;;;COCONUT_COUPON;SEASHELLS;558.0;8
610800;;;COCONUT_COUPON;SEASHELLS;558.0;0
610900;;;COCONUT;SEASHELLS;9827.0;6
611200;;;COCONUT;SEASHELLS;9829.0;2
611700;;;COCONUT_COUPON;SEASHELLS;551.0;11
611800;;;COCONUT;SEASHELLS;9830.0;10
612600;;;COCONUT;SEASHELLS;9826.0;9
612900;;;COCONUT_COUPON;SEASHELLS;552.0;19
613200;;;COCONUT;SEASHELLS;9828.0;8
613200;;;COCONUT_COUPON;SEASHELLS;553.0;7
613300;;;COCONUT_COUPON;SEASHELLS;554.0;20
614100;;;COCONUT;SEASHELLS;9828.0;8
614200;;;COCONUT_COUPON;SEASHELLS;553.0;17
614600;;;COCONUT_COUPON;SEASHELLS;551.0;11
614900;;;COCONUT_COUPON;SEASHELLS;550.0;13
615300;;;COCONUT_COUPON;SEASHELLS;551.0;20
616200;;;COCONUT_COUPON;SEASHELLS;546.0;19
616500;;;COCONUT_COUPON;SEASHELLS;549.0;15
617300;;;COCONUT_COUPON;SEASHELLS;549.0;10
617300;;;COCONUT;SEASHELLS;9834.0;6
617900;;;COCONUT_COUPON;SEASHELLS;551.0;18
618000;;;COCONUT_COUPON;SEASHELLS;551.0;20
618700;;;COCONUT_COUPON;SEASHELLS;549.0;5
619100;;;COCONUT;SEASHELLS;9831.0;6
620300;;;COCONUT;SEASHELLS;9828.0;8
620400;;;COCONUT;SEASHELLS;9828.0;1
620900;;;COCONUT_COUPON;SEASHELLS;556.0;14
622500;;;COCONUT_COUPON;SEASHELLS;562.0;11
623200;;;COCONUT_COUPON;SEASHELLS;566.0;10
623800;;;COCONUT_COUPON;SEASHELLS;558.0;13
624100;;;COCONUT_COUPON;SEASHELLS;559.0;3
624100;;;COCONUT_COUPON;SEASHELLS;559.0;15
624700;;;COCONUT;SEASHELLS;9824.0;8
624900;;;COCONUT_COUPON;SEASHELLS;566.0;20
626000;;;COCONUT_COUPON;SEASHELLS;565.0;16
626200;;;COCONUT_COUPON;SEASHELLS;564.0;19
626300;;;COCONUT;SEASHELLS;9830.0;5
626700;;;COCONUT_COUPON;SEASHELLS;563.0;19
627700;;;COCONUT;SEASHELLS;9836.0;6
628000;;;COCONUT;SEASHELLS;9835.0;8
628400;;;COCONUT_COUPON;SEASHELLS;561.0;13
629600;;;COCONUT_COUPON;SEASHELLS;558.0;15
629900;;;COCONUT;SEASHELLS;9840.0;7
630300;;;COCONUT_COUPON;SEASHELLS;556.0;5
630300;;;COCONUT_COUPON;SEASHELLS;556.0;15
631300;;;COCONUT_COUPON;SEASHELLS;554.0;12
631500;;;COCONUT;SEASHELLS;9838.0;1
631800;;;COCONUT;SEASHELLS;9841.0;3
631900;;;COCONUT;SEASHELLS;9841.0;8
635100;;;COCONUT_COUPON;SEASHELLS;564.0;10
635300;;;COCONUT;SEASHELLS;9846.0;1
636700;;;COCONUT;SEASHELLS;9847.0;10
637300;;;COCONUT_COUPON;SEASHELLS;564.0;17
637500;;;COCONUT_COUPON;SEASHELLS;563.0;20
638300;;;COCONUT_COUPON;SEASHELLS;563.0;18
638500;;;COCONUT;SEASHELLS;9844.0;9
639400;;;COCONUT;SEASHELLS;9845.0;1
641000;;;COCONUT_COUPON;SEASHELLS;568.0;11
641600;;;COCONUT_COUPON;SEASHELLS;571.0;20
642200;;;COCONUT_COUPON;SEASHELLS;570.0;15
642400;;;COCONUT;SEASHELLS;9845.0;1
643500;;;COCONUT_COUPON;SEASHELLS;563.0;10
643700;;;COCONUT;SEASHELLS;9836.0;6
643700;;;COCONUT_COUPON;SEASHELLS;562.0;15
644100;;;COCONUT;SEASHELLS;9837.0;7
644500;;;COCONUT_COUPON;SEASHELLS;560.0;15
644500;;;COCONUT_COUPON;SEASHELLS;560.0;1
645000;;;COCONUT_COUPON;SEASHELLS;560.0;2
645000;;;COCONUT;SEASHELLS;9839.0;10
645000;;;COCONUT_COUPON;SEASHELLS;560.0;15
645800;;;COCONUT_COUPON;SEASHELLS;563.0;11
645900;;;COCONUT;SEASHELLS;9839.0;5
646300;;;COCONUT;SEASHELLS;9843.0;2
648300;;;COCONUT;SEASHELLS;9849.0;10
648300;;;COCONUT_COUPON;SEASHELLS;565.0;6
648400;;;COCONUT;SEASHELLS;9849.0;9
648600;;;COCONUT_COUPON;SEASHELLS;566.0;18
650100;;;COCONUT_COUPON;SEASHELLS;565.0;13
651200;;;COCONUT;SEASHELLS;9843.0;8
651600;;;COCONUT_COUPON;SEASHELLS;571.0;19
652400;;;COCONUT_COUPON;SEASHELLS;579.0;4
652500;;;COCONUT;SEASHELLS;9849.0;10
653800;;;COCONUT;SEASHELLS;9851.0;10
654100;;;COCONUT;SEASHELLS;9853.0;7
654200;;;COCONUT_COUPON;SEASHELLS;581.0;15
656300;;;COCONUT;SEASHELLS;9853.0;6
657200;;;COCONUT_COUPON;SEASHELLS;585.0;20
657900;;;COCONUT_COUPON;SEASHELLS;590.0;18
661100;;;COCONUT_COUPON;SEASHELLS;590.0;1
662300;;;COCONUT_COUPON;SEASHELLS;585.0;15
662600;;;COCONUT_COUPON;SEASHELLS;585.0;11
662700;;;COCONUT;SEASHELLS;9853.0;8
663300;;;COCONUT_COUPON;SEASHELLS;587.0;10
664300;;;COCONUT;SEASHELLS;9859.0;3
666000;;;COCONUT_COUPON;SEASHELLS;594.0;19
666600;;;COCONUT_COUPON;SEASHELLS;598.0;14
667500;;;COCONUT_COUPON;SEASHELLS;593.0;15
667700;;;COCONUT_COUPON;SEASHELLS;590.0;19
667700;;;COCONUT_COUPON;SEASHELLS;590.0;1
668500;;;COCONUT_COUPON;SEASHELLS;590.0;13
670300;;;COCONUT_COUPON;SEASHELLS;585.0;20
671500;;;COCONUT;SEASHELLS;9865.0;6
674400;;;COCONUT_COUPON;SEASHELLS;589.0;15
675800;;;COCONUT;SEASHELLS;9867.0;6
675900;;;COCONUT;SEASHELLS;9868.0;6
676600;;;COCONUT_COUPON;SEASHELLS;586.0;12
677600;;;COCONUT_COUPON;SEASHELLS;592.0;18
677600;;;COCONUT_COUPON;SEASHELLS;592.0;2
677900;;;COCONUT_COUPON;SEASHELLS;593.0;19
678600;;;COCONUT;SEASHELLS;9875.0;10
678700;;;COCONUT_COUPON;SEASHELLS;592.0;1
679800;;;COCONUT;SEASHELLS;9869.0;9
681400;;;COCONUT_COUPON;SEASHELLS;590.0;10
683500;;;COCONUT;SEASHELLS;9880.0;7
683700;;;COCONUT_COUPON;SEASHELLS;594.0;18
685300;;;COCONUT_COUPON;SEASHELLS;594.0;10
685500;;;COCONUT_COUPON;SEASHELLS;595.0;2
685600;;;COCONUT_COUPON;SEASHELLS;594.0;11
686900;;;COCONUT_COUPON;SEASHELLS;589.0;4
687900;;;COCONUT;SEASHELLS;9870.0;10
688200;;;COCONUT;SEASHELLS;9872.0;9
688800;;;COCONUT_COUPON;SEASHELLS;581.0;20
688900;;;COCONUT;SEASHELLS;9871.0;7
689100;;;COCONUT;SEASHELLS;9870.0;5
689500;;;COCONUT;SEASHELLS;9870.0;7
689800;;;COCONUT_COUPON;SEASHELLS;579.0;17
690000;;;COCONUT_COUPON;SEASHELLS;577.0;15
690700;;;COCONUT;SEASHELLS;9868.0;5
692200;;;COCONUT;SEASHELLS;9870.0;9
692400;;;COCONUT;SEASHELLS;9870.0;8
693300;;;COCONUT;SEASHELLS;9876.0;5
693500;;;COCONUT;SEASHELLS;9877.0;9
694300;;;COCONUT;SEASHELLS;9878.0;7
695200;;;COCONUT_COUPON;SEASHELLS;585.0;15
695900;;;COCONUT;SEASHELLS;9874.0;9
697400;;;COCONUT_COUPON;SEASHELLS;586.0;16
697500;;;COCONUT;SEASHELLS;9875.0;5
699800;;;COCONUT_COUPON;SEASHELLS;589.0;12
700700;;;COCONUT;SEASHELLS;9878.0;5
702400;;;COCONUT;SEASHELLS;9878.0;6
703000;;;COCONUT;SEASHELLS;9878.0;2
703300;;;COCONUT_COUPON;SEASHELLS;587.0;13
703500;;;COCONUT;SEASHELLS;9877.0;5
703900;;;COCONUT_COUPON;SEASHELLS;582.0;10
704200;;;COCONUT_COUPON;SEASHELLS;580.0;14
704200;;;COCONUT;SEASHELLS;9870.0;2
704400;;;COCONUT;SEASHELLS;9871.0;3
705200;;;COCONUT_COUPON;SEASHELLS;584.0;20
705500;;;COCONUT_COUPON;SEASHELLS;589.0;19
705700;;;COCONUT_COUPON;SEASHELLS;588.0;14
705800;;;COCONUT_COUPON;SEASHELLS;587.0;16
705800;;;COCONUT;SEASHELLS;9866.0;10
706600;;;COCONUT;SEASHELLS;9860.0;7
706800;;;COCONUT_COUPON;SEASHELLS;579.0;18
706800;;;COCONUT_COUPON;SEASHELLS;580.0;17
707200;;;COCONUT;SEASHELLS;9861.0;1
707200;;;COCONUT_COUPON;SEASHELLS;581.0;14
707400;;;COCONUT_COUPON;SEASHELLS;580.0;14
707900;;;COCONUT;SEASHELLS;9863.0;5
708200;;;COCONUT;SEASHELLS;9860.0;5
708300;;;COCONUT_COUPON;SEASHELLS;573.0;20
709100;;;COCONUT;SEASHELLS;9859.0;9
709200;;;COCONUT_COUPON;SEASHELLS;575.0;13
709500;;;COCONUT;SEASHELLS;9856.0;9
710000;;;COCONUT;SEASHELLS;9860.0;7
710500;;;COCONUT;SEASHELLS;9857.0;8
710900;;;COCONUT_COUPON;SEASHELLS;574.0;18
712500;;;COCONUT_COUPON;SEASHELLS;574.0;8
713700;;;COCONUT_COUPON;SEASHELLS;574.0;12
714100;;;COCONUT_COUPON;SEASHELLS;575.0;14
715400;;;COCONUT_COUPON;SEASHELLS;570.0;16
716300;;;COCONUT;SEASHELLS;9863.0;8
717900;;;COCONUT_COUPON;SEASHELLS;570.0;12
719900;;;COCONUT_COUPON;SEASHELLS;583.0;20
720400;;;COCONUT_COUPON;SEASHELLS;581.0;13
721300;;;COCONUT_COUPON;SEASHELLS;577.0;11
721600;;;COCONUT_COUPON;SEASHELLS;577.0;12
722400;;;COCONUT_COUPON;SEASHELLS;581.0;10
723000;;;COCONUT_COUPON;SEASHELLS;579.0;13
723200;;;COCONUT_COUPON;SEASHELLS;577.0;15
723600;;;COCONUT;SEASHELLS;9862.0;5
724700;;;COCONUT_COUPON;SEASHELLS;581.0;13
724700;;;COCONUT;SEASHELLS;9862.0;6
725100;;;COCONUT_COUPON;SEASHELLS;584.0;20
726100;;;COCONUT_COUPON;SEASHELLS;586.0;10
726300;;;COCONUT;SEASHELLS;9862.0;6
726900;;;COCONUT_COUPON;SEASHELLS;585.0;5
727000;;;COCONUT;SEASHELLS;9866.0;2
727300;;;COCONUT;SEASHELLS;9863.0;7
727500;;;COCONUT_COUPON;SEASHELLS;585.0;10
730700;;;COCONUT_COUPON;SEASHELLS;585.0;5
730700;;;COCONUT_COUPON;SEASHELLS;585.0;10
731200;;;COCONUT_COUPON;SEASHELLS;586.0;16
732000;;;COCONUT;SEASHELLS;9863.0;9
733200;;;COCONUT;SEASHELLS;9857.0;1
733800;;;COCONUT_COUPON;SEASHELLS;578.0;15
734200;;;COCONUT;SEASHELLS;9865.0;8
734500;;;COCONUT_COUPON;SEASHELLS;581.0;18
734600;;;COCONUT;SEASHELLS;9865.0;5
734800;;;COCONUT_COUPON;SEASHELLS;581.0;20
735900;;;COCONUT_COUPON;SEASHELLS;580.0;18
736100;;;COCONUT_COUPON;SEASHELLS;583.0;16
737200;;;COCONUT;SEASHELLS;9868.0;7
738100;;;COCONUT;SEASHELLS;9863.0;8
738300;;;COCONUT_COUPON;SEASHELLS;577.0;19
739200;;;COCONUT;SEASHELLS;9862.0;8
739500;;;COCONUT_COUPON;SEASHELLS;583.0;14
740700;;;COCONUT_COUPON;SEASHELLS;590.0;15
741000;;;COCONUT_COUPON;SEASHELLS;589.0;15
741000;;;COCONUT_COUPON;SEASHELLS;589.0;5
741500;;;COCONUT_COUPON;SEASHELLS;590.0;16
741900;;;COCONUT_COUPON;SEASHELLS;591.0;15
742000;;;COCONUT_COUPON;SEASHELLS;591.0;17
742800;;;COCONUT_COUPON;SEASHELLS;587.0;20
743000;;;COCONUT;SEASHELLS;9866.0;7
744100;;;COCONUT_COUPON;SEASHELLS;594.0;15
744700;;;COCONUT;SEASHELLS;9875.0;2
746300;;;COCONUT;SEASHELLS;9875.0;7
747700;;;COCONUT_COUPON;SEASHELLS;597.0;8
747800;;;COCONUT;SEASHELLS;9881.0;8
748000;;;COCONUT;SEASHELLS;9881.0;10
748100;;;COCONUT_COUPON;SEASHELLS;599.0;13
748600;;;COCONUT;SEASHELLS;9882.0;10
748800;;;COCONUT;SEASHELLS;9883.0;5
749700;;;COCONUT_COUPON;SEASHELLS;599.0;17
749800;;;COCONUT_COUPON;SEASHELLS;598.0;19
749900;;;COCONUT;SEASHELLS;9885.0;7
750000;;;COCONUT_COUPON;SEASHELLS;598.0;11
750600;;;COCONUT_COUPON;SEASHELLS;596.0;17
750600;;;COCONUT_COUPON;SEASHELLS;597.0;20
750600;;;COCONUT;SEASHELLS;9886.0;5
751000;;;COCONUT_COUPON;SEASHELLS;593.0;7
751800;;;COCONUT_COUPON;SEASHELLS;596.0;5
752800;;;COCONUT_COUPON;SEASHELLS;593.0;15
753100;;;COCONUT;SEASHELLS;9889.0;2
753400;;;COCONUT;SEASHELLS;9887.0;10
754000;;;COCONUT_COUPON;SEASHELLS;600.0;6
754000;;;COCONUT_COUPON;SEASHELLS;601.0;19
754200;;;COCONUT;SEASHELLS;9884.0;9
756200;;;COCONUT_COUPON;SEASHELLS;590.0;20
756500;;;COCONUT;SEASHELLS;9879.0;8
758400;;;COCONUT_COUPON;SEASHELLS;579.0;17
759600;;;COCONUT_COUPON;SEASHELLS;579.0;12
759600;;;COCONUT;SEASHELLS;9870.0;7
760800;;;COCONUT_COUPON;SEASHELLS;579.0;15
761200;;;COCONUT_COUPON;SEASHELLS;580.0;17
761800;;;COCONUT;SEASHELLS;9872.0;7
762400;;;COCONUT;SEASHELLS;9869.0;6
763200;;;COCONUT_COUPON;SEASHELLS;571.0;11
764100;;;COCONUT_COUPON;SEASHELLS;572.0;10
764100;;;COCONUT_COUPON;SEASHELLS;571.0;18
765100;;;COCONUT_COUPON;SEASHELLS;571.0;13
765700;;;COCONUT_COUPON;SEASHELLS;568.0;20
765800;;;COCONUT_COUPON;SEASHELLS;567.0;11
767000;;;COCONUT;SEASHELLS;9867.0;7
767500;;;COCONUT_COUPON;SEASHELLS;557.0;11
769200;;;COCONUT_COUPON;SEASHELLS;553.0;17
769200;;;COCONUT_COUPON;SEASHELLS;553.0;1
769600;;;COCONUT_COUPON;SEASHELLS;551.0;10
770000;;;COCONUT_COUPON;SEASHELLS;552.0;12
770600;;;COCONUT;SEASHELLS;9859.0;7
770800;;;COCONUT_COUPON;SEASHELLS;548.0;3
770800;;;COCONUT_COUPON;SEASHELLS;548.0;4
770800;;;COCONUT_COUPON;SEASHELLS;548.0;20
771300;;;COCONUT_COUPON;SEASHELLS;551.0;17
772000;;;COCONUT;SEASHELLS;9864.0;10
772700;;;COCONUT;SEASHELLS;9861.0;10
772800;;;COCONUT_COUPON;SEASHELLS;548.0;15
773600;;;COCONUT_COUPON;SEASHELLS;552.0;13
773800;;;COCONUT_COUPON;SEASHELLS;553.0;9
774400;;;COCONUT;SEASHELLS;9861.0;5
774700;;;COCONUT_COUPON;SEASHELLS;554.0;18
775000;;;COCONUT;SEASHELLS;9864.0;7
776000;;;COCONUT_COUPON;SEASHELLS;555.0;9
778000;;;COCONUT;SEASHELLS;9864.0;7
778100;;;COCONUT;SEASHELLS;9865.0;1
778200;;;COCONUT;SEASHELLS;9863.0;7
778700;;;COCONUT_COUPON;SEASHELLS;557.0;16
779000;;;COCONUT_COUPON;SEASHELLS;557.0;17
780100;;;COCONUT_COUPON;SEASHELLS;555.0;4
780400;;;COCONUT;SEASHELLS;9867.0;1
780700;;;COCONUT_COUPON;SEASHELLS;556.0;0
780700;;;COCONUT_COUPON;SEASHELLS;556.0;1
780700;;;COCONUT_COUPON;SEASHELLS;556.0;9
780700;;;COCONUT_COUPON;SEASHELLS;556.0;19
780800;;;COCONUT;SEASHELLS;9869.0;9
781300;;;COCONUT_COUPON;SEASHELLS;558.0;17
781400;;;COCONUT;SEASHELLS;9874.0;3
781400;;;COCONUT_COUPON;SEASHELLS;558.0;9
782500;;;COCONUT;SEASHELLS;9880.0;8
782500;;;COCONUT;SEASHELLS;9878.0;8
783000;;;COCONUT_COUPON;SEASHELLS;565.0;2
783000;;;COCONUT_COUPON;SEASHELLS;565.0;17
783100;;;COCONUT;SEASHELLS;9880.0;8
783300;;;COCONUT;SEASHELLS;9879.0;1
783400;;;COCONUT_COUPON;SEASHELLS;569.0;10
784200;;;COCONUT_COUPON;SEASHELLS;575.0;2
784200;;;COCONUT_COUPON;SEASHELLS;575.0;17
784700;;;COCONUT;SEASHELLS;9876.0;5
784700;;;COCONUT;SEASHELLS;9876.0;3
785000;;;COCONUT;SEASHELLS;9872.0;8
785900;;;COCONUT_COUPON;SEASHELLS;575.0;11
786000;;;COCONUT_COUPON;SEASHELLS;575.0;11
786400;;;COCONUT_COUPON;SEASHELLS;579.0;11
787300;;;COCONUT_COUPON;SEASHELLS;574.0;13
787700;;;COCONUT_COUPON;SEASHELLS;575.0;14
788300;;;COCONUT_COUPON;SEASHELLS;574.0;11
788900;;;COCONUT;SEASHELLS;9865.0;8
790300;;;COCONUT_COUPON;SEASHELLS;570.0;10
791600;;;COCONUT_COUPON;SEASHELLS;573.0;4
792100;;;COCONUT_COUPON;SEASHELLS;574.0;14
796000;;;COCONUT_COUPON;SEASHELLS;575.0;16
796900;;;COCONUT_COUPON;SEASHELLS;572.0;4
796900;;;COCONUT_COUPON;SEASHELLS;572.0;16
798300;;;COCONUT_COUPON;SEASHELLS;573.0;8
798300;;;COCONUT;SEASHELLS;9855.0;8
800300;;;COCONUT_COUPON;SEASHELLS;575.0;11
802100;;;COCONUT;SEASHELLS;9861.0;6
802800;;;COCONUT;SEASHELLS;9864.0;7
804000;;;COCONUT;SEASHELLS;9864.0;7
804600;;;COCONUT_COUPON;SEASHELLS;570.0;7
805000;;;COCONUT_COUPON;SEASHELLS;567.0;6
805500;;;COCONUT;SEASHELLS;9864.0;6
806200;;;COCONUT;SEASHELLS;9866.0;2
806600;;;COCONUT_COUPON;SEASHELLS;563.0;10
807300;;;COCONUT;SEASHELLS;9868.0;1
808500;;;COCONUT_COUPON;SEASHELLS;556.0;13
809600;;;COCONUT_COUPON;SEASHELLS;567.0;14
810800;;;COCONUT;SEASHELLS;9869.0;9
812000;;;COCONUT;SEASHELLS;9865.0;6
813000;;;COCONUT;SEASHELLS;9861.0;9
813600;;;COCONUT;SEASHELLS;9860.0;8
813900;;;COCONUT;SEASHELLS;9858.0;10
813900;;;COCONUT_COUPON;SEASHELLS;571.0;20
814000;;;COCONUT;SEASHELLS;9857.0;5
814300;;;COCONUT_COUPON;SEASHELLS;566.0;13
815200;;;COCONUT;SEASHELLS;9852.0;9
815300;;;COCONUT;SEASHELLS;9851.0;7
818300;;;COCONUT_COUPON;SEASHELLS;572.0;10
818800;;;COCONUT_COUPON;SEASHELLS;571.0;14
819000;;;COCONUT_COUPON;SEASHELLS;571.0;12
819700;;;COCONUT;SEASHELLS;9856.0;5
820400;;;COCONUT_COUPON;SEASHELLS;567.0;10
820500;;;COCONUT_COUPON;SEASHELLS;567.0;12
820500;;;COCONUT;SEASHELLS;9857.0;10
821100;;;COCONUT_COUPON;SEASHELLS;565.0;20
821500;;;COCONUT;SEASHELLS;9860.0;7
821600;;;COCONUT;SEASHELLS;9861.0;9
821700;;;COCONUT_COUPON;SEASHELLS;564.0;16
821900;;;COCONUT;SEASHELLS;9860.0;10
822200;;;COCONUT_COUPON;SEASHELLS;562.0;16
822200;;;COCONUT;SEASHELLS;9859.0;6
823600;;;COCONUT_COUPON;SEASHELLS;564.0;14
824000;;;COCONUT_COUPON;SEASHELLS;564.0;5
824900;;;COCONUT;SEASHELLS;9862.0;8
825200;;;COCONUT_COUPON;SEASHELLS;565.0;6
825700;;;COCONUT_COUPON;SEASHELLS;564.0;12
826200;;;COCONUT;SEASHELLS;9863.0;6
826600;;;COCONUT;SEASHELLS;9862.0;1
827000;;;COCONUT;SEASHELLS;9859.0;6
827300;;;COCONUT;SEASHELLS;9862.0;10
827400;;;COCONUT_COUPON;SEASHELLS;557.0;11
828600;;;COCONUT;SEASHELLS;9865.0;9
828700;;;COCONUT_COUPON;SEASHELLS;557.0;9
828700;;;COCONUT_COUPON;SEASHELLS;557.0;2
828700;;;COCONUT_COUPON;SEASHELLS;557.0;16
829800;;;COCONUT_COUPON;SEASHELLS;556.0;16
830300;;;COCONUT_COUPON;SEASHELLS;555.0;18
831300;;;COCONUT;SEASHELLS;9863.0;9
832000;;;COCONUT;SEASHELLS;9867.0;6
833100;;;COCONUT_COUPON;SEASHELLS;562.0;20
833600;;;COCONUT_COUPON;SEASHELLS;560.0;16
833900;;;COCONUT_COUPON;SEASHELLS;563.0;16
834300;;;COCONUT_COUPON;SEASHELLS;562.0;20
834500;;;COCONUT;SEASHELLS;9877.0;5
835100;;;COCONUT_COUPON;SEASHELLS;563.0;12
835700;;;COCONUT;SEASHELLS;9876.0;9
836100;;;COCONUT_COUPON;SEASHELLS;562.0;17
837200;;;COCONUT;SEASHELLS;9879.0;5
837400;;;COCONUT;SEASHELLS;9879.0;6
838400;;;COCONUT_COUPON;SEASHELLS;566.0;13
838500;;;COCONUT_COUPON;SEASHELLS;565.0;6
838600;;;COCONUT_COUPON;SEASHELLS;563.0;8
838600;;;COCONUT_COUPON;SEASHELLS;563.0;17
838600;;;COCONUT_COUPON;SEASHELLS;563.0;2
839400;;;COCONUT;SEASHELLS;9881.0;10
840200;;;COCONUT_COUPON;SEASHELLS;569.0;10
840200;;;COCONUT_COUPON;SEASHELLS;569.0;5
840200;;;COCONUT_COUPON;SEASHELLS;569.0;11
840600;;;COCONUT_COUPON;SEASHELLS;570.0;16
841500;;;COCONUT_COUPON;SEASHELLS;566.0;10
841800;;;COCONUT;SEASHELLS;9882.0;9
842200;;;COCONUT_COUPON;SEASHELLS;568.0;19
846300;;;COCONUT_COUPON;SEASHELLS;582.0;11
846600;;;COCONUT;SEASHELLS;9886.0;5
847200;;;COCONUT;SEASHELLS;9889.0;3
847400;;;COCONUT_COUPON;SEASHELLS;580.0;12
847600;;;COCONUT_COUPON;SEASHELLS;581.0;16
847800;;;COCONUT;SEASHELLS;9889.0;8
848200;;;COCONUT_COUPON;SEASHELLS;582.0;6
848500;;;COCONUT_COUPON;SEASHELLS;583.0;15
849600;;;COCONUT_COUPON;SEASHELLS;585.0;3
849600;;;COCONUT_COUPON;SEASHELLS;585.0;17
850000;;;COCONUT_COUPON;SEASHELLS;586.0;18
850000;;;COCONUT_COUPON;SEASHELLS;586.0;2
850300;;;COCONUT;SEASHELLS;9889.0;3
850900;;;COCONUT_COUPON;SEASHELLS;589.0;8
851700;;;COCONUT;SEASHELLS;9886.0;3
853000;;;COCONUT;SEASHELLS;9883.0;5
853100;;;COCONUT_COUPON;SEASHELLS;580.0;11
853400;;;COCONUT_COUPON;SEASHELLS;583.0;20
855300;;;COCONUT;SEASHELLS;9889.0;6
855700;;;COCONUT;SEASHELLS;9886.0;5
856000;;;COCONUT_COUPON;SEASHELLS;582.0;10
856000;;;COCONUT_COUPON;SEASHELLS;581.0;12
857800;;;COCONUT_COUPON;SEASHELLS;576.0;11
858200;;;COCONUT_COUPON;SEASHELLS;576.0;1
858200;;;COCONUT_COUPON;SEASHELLS;576.0;18
859100;;;COCONUT_COUPON;SEASHELLS;578.0;8
860200;;;COCONUT;SEASHELLS;9892.0;3
860200;;;COCONUT_COUPON;SEASHELLS;580.0;17
860600;;;COCONUT;SEASHELLS;9894.0;5
860700;;;COCONUT_COUPON;SEASHELLS;582.0;14
862900;;;COCONUT;SEASHELLS;9888.0;2
863400;;;COCONUT_COUPON;SEASHELLS;574.0;14
863800;;;COCONUT;SEASHELLS;9889.0;10
864000;;;COCONUT_COUPON;SEASHELLS;575.0;12
864900;;;COCONUT_COUPON;SEASHELLS;567.0;12
865400;;;COCONUT_COUPON;SEASHELLS;564.0;17
865400;;;COCONUT;SEASHELLS;9885.0;9
869000;;;COCONUT_COUPON;SEASHELLS;554.0;14
872200;;;COCONUT;SEASHELLS;9873.0;9
872200;;;COCONUT_COUPON;SEASHELLS;552.0;12
872600;;;COCONUT_COUPON;SEASHELLS;553.0;14
872900;;;COCONUT;SEASHELLS;9872.0;8
874600;;;COCONUT_COUPON;SEASHELLS;562.0;19
875000;;;COCONUT;SEASHELLS;9878.0;5
876500;;;COCONUT_COUPON;SEASHELLS;570.0;12
876900;;;COCONUT;SEASHELLS;9878.0;8
877500;;;COCONUT;SEASHELLS;9874.0;7
878000;;;COCONUT_COUPON;SEASHELLS;561.0;14
878100;;;COCONUT_COUPON;SEASHELLS;563.0;13
880800;;;COCONUT;SEASHELLS;9882.0;10
881700;;;COCONUT_COUPON;SEASHELLS;561.0;15
883200;;;COCONUT_COUPON;SEASHELLS;567.0;10
883400;;;COCONUT_COUPON;SEASHELLS;567.0;10
883900;;;COCONUT;SEASHELLS;9884.0;7
885000;;;COCONUT_COUPON;SEASHELLS;570.0;20
885600;;;COCONUT;SEASHELLS;9884.0;3
887200;;;COCONUT_COUPON;SEASHELLS;565.0;8
887400;;;COCONUT_COUPON;SEASHELLS;566.0;15
887500;;;COCONUT;SEASHELLS;9889.0;10
888600;;;COCONUT_COUPON;SEASHELLS;565.0;11
890400;;;COCONUT;SEASHELLS;9887.0;6
890800;;;COCONUT_COUPON;SEASHELLS;562.0;17
891000;;;COCONUT;SEASHELLS;9888.0;9
891500;;;COCONUT_COUPON;SEASHELLS;560.0;20
892400;;;COCONUT;SEASHELLS;9885.0;6
894300;;;COCONUT_COUPON;SEASHELLS;557.0;16
895100;;;COCONUT;SEASHELLS;9884.0;1
895600;;;COCONUT;SEASHELLS;9879.0;3
896000;;;COCONUT_COUPON;SEASHELLS;559.0;10
896100;;;COCONUT_COUPON;SEASHELLS;559.0;8
897600;;;COCONUT_COUPON;SEASHELLS;562.0;16
897800;;;COCONUT;SEASHELLS;9881.0;7
897900;;;COCONUT_COUPON;SEASHELLS;560.0;15
898300;;;COCONUT_COUPON;SEASHELLS;557.0;18
902600;;;COCONUT;SEASHELLS;9884.0;7
902900;;;COCONUT;SEASHELLS;9887.0;7
903800;;;COCONUT_COUPON;SEASHELLS;567.0;18
904700;;;COCONUT_COUPON;SEASHELLS;564.0;11
904900;;;COCONUT_COUPON;SEASHELLS;561.0;13
905000;;;COCONUT;SEASHELLS;9881.0;3
905800;;;COCONUT_COUPON;SEASHELLS;560.0;12
907100;;;COCONUT_COUPON;SEASHELLS;560.0;20
907200;;;COCONUT_COUPON;SEASHELLS;562.0;4
907900;;;COCONUT;SEASHELLS;9879.0;6
908000;;;COCONUT_COUPON;SEASHELLS;566.0;6
908500;;;COCONUT_COUPON;SEASHELLS;567.0;14
909100;;;COCONUT;SEASHELLS;9881.0;6
909600;;;COCONUT_COUPON;SEASHELLS;567.0;8
909700;;;COCONUT;SEASHELLS;9881.0;8
910300;;;COCONUT_COUPON;SEASHELLS;567.0;14
910600;;;COCONUT;SEASHELLS;9881.0;7
910900;;;COCONUT;SEASHELLS;9881.0;2
911100;;;COCONUT;SEASHELLS;9883.0;9
911600;;;COCONUT_COUPON;SEASHELLS;566.0;15
911600;;;COCONUT_COUPON;SEASHELLS;566.0;3
913600;;;COCONUT_COUPON;SEASHELLS;560.0;8
914000;;;COCONUT;SEASHELLS;9877.0;3
914600;;;COCONUT;SEASHELLS;9879.0;10
915300;;;COCONUT;SEASHELLS;9882.0;9
916900;;;COCONUT_COUPON;SEASHELLS;569.0;11
917300;;;COCONUT;SEASHELLS;9878.0;8
918200;;;COCONUT;SEASHELLS;9879.0;5
918400;;;COCONUT_COUPON;SEASHELLS;567.0;18
918400;;;COCONUT_COUPON;SEASHELLS;567.0;1
918900;;;COCONUT_COUPON;SEASHELLS;571.0;15
919400;;;COCONUT;SEASHELLS;9882.0;8
919500;;;COCONUT_COUPON;SEASHELLS;565.0;16
919700;;;COCONUT_COUPON;SEASHELLS;565.0;13
920300;;;COCONUT;SEASHELLS;9885.0;2
920800;;;COCONUT;SEASHELLS;9888.0;7
920900;;;COCONUT_COUPON;SEASHELLS;568.0;12
923000;;;COCONUT;SEASHELLS;9879.0;3
923400;;;COCONUT_COUPON;SEASHELLS;567.0;6
924700;;;COCONUT_COUPON;SEASHELLS;566.0;16
927000;;;COCONUT;SEASHELLS;9878.0;6
928500;;;COCONUT;SEASHELLS;9875.0;9
928500;;;COCONUT;SEASHELLS;9874.0;6
929400;;;COCONUT_COUPON;SEASHELLS;565.0;8
930100;;;COCONUT;SEASHELLS;9877.0;9
930900;;;COCONUT_COUPON;SEASHELLS;569.0;19
930900;;;COCONUT;SEASHELLS;9878.0;8
931300;;;COCONUT_COUPON;SEASHELLS;569.0;15
931300;;;COCONUT_COUPON;SEASHELLS;569.0;2
931400;;;COCONUT;SEASHELLS;9879.0;5
933600;;;COCONUT;SEASHELLS;9882.0;5
933800;;;COCONUT_COUPON;SEASHELLS;576.0;11
933900;;;COCONUT_COUPON;SEASHELLS;575.0;14
934300;;;COCONUT_COUPON;SEASHELLS;578.0;16
934900;;;COCONUT;SEASHELLS;9887.0;6
935000;;;COCONUT;SEASHELLS;9887.0;8
937200;;;COCONUT_COUPON;SEASHELLS;577.0;15
937800;;;COCONUT_COUPON;SEASHELLS;578.0;14
938000;;;COCONUT_COUPON;SEASHELLS;576.0;10
939800;;;COCONUT_COUPON;SEASHELLS;578.0;12
941200;;;COCONUT_COUPON;SEASHELLS;588.0;12
941600;;;COCONUT;SEASHELLS;9891.0;10
942100;;;COCONUT_COUPON;SEASHELLS;588.0;14
943200;;;COCONUT;SEASHELLS;9890.0;3
944300;;;COCONUT;SEASHELLS;9888.0;9
944900;;;COCONUT;SEASHELLS;9889.0;2
946400;;;COCONUT;SEASHELLS;9886.0;7
947900;;;COCONUT;SEASHELLS;9890.0;6
948500;;;COCONUT;SEASHELLS;9889.0;8
948600;;;COCONUT_COUPON;SEASHELLS;586.0;12
948700;;;COCONUT_COUPON;SEASHELLS;585.0;12
948700;;;COCONUT;SEASHELLS;9887.0;6
950500;;;COCONUT_COUPON;SEASHELLS;584.0;12
950600;;;COCONUT_COUPON;SEASHELLS;583.0;11
952000;;;COCONUT;SEASHELLS;9897.0;5
952300;;;COCONUT_COUPON;SEASHELLS;584.0;8
952900;;;COCONUT_COUPON;SEASHELLS;586.0;14
954200;;;COCONUT_COUPON;SEASHELLS;585.0;20
955500;;;COCONUT;SEASHELLS;9897.0;2
956500;;;COCONUT_COUPON;SEASHELLS;586.0;2
956700;;;COCONUT;SEASHELLS;9896.0;7
957400;;;COCONUT_COUPON;SEASHELLS;585.0;10
958500;;;COCONUT_COUPON;SEASHELLS;583.0;18
959700;;;COCONUT;SEASHELLS;9890.0;9
960600;;;COCONUT_COUPON;SEASHELLS;585.0;11
963200;;;COCONUT;SEASHELLS;9898.0;1
963400;;;COCONUT;SEASHELLS;9897.0;9
963500;;;COCONUT_COUPON;SEASHELLS;582.0;19
963600;;;COCONUT_COUPON;SEASHELLS;582.0;20
963700;;;COCONUT_COUPON;SEASHELLS;584.0;15
964400;;;COCONUT_COUPON;SEASHELLS;585.0;8
964500;;;COCONUT_COUPON;SEASHELLS;584.0;9
965300;;;COCONUT_COUPON;SEASHELLS;583.0;11
966600;;;COCONUT_COUPON;SEASHELLS;580.0;19
966800;;;COCONUT;SEASHELLS;9901.0;9
966900;;;COCONUT;SEASHELLS;9900.0;3
967100;;;COCONUT_COUPON;SEASHELLS;578.0;13
967700;;;COCONUT;SEASHELLS;9895.0;5
967900;;;COCONUT;SEASHELLS;9898.0;2
969000;;;COCONUT;SEASHELLS;9891.0;6
969800;;;COCONUT;SEASHELLS;9889.0;1
970500;;;COCONUT_COUPON;SEASHELLS;570.0;1
970500;;;COCONUT_COUPON;SEASHELLS;570.0;18
970600;;;COCONUT;SEASHELLS;9889.0;8
971200;;;COCONUT;SEASHELLS;9885.0;7
971600;;;COCONUT_COUPON;SEASHELLS;569.0;18
971600;;;COCONUT_COUPON;SEASHELLS;570.0;17
973400;;;COCONUT_COUPON;SEASHELLS;573.0;10
973500;;;COCONUT_COUPON;SEASHELLS;574.0;17
973700;;;COCONUT_COUPON;SEASHELLS;575.0;11
974100;;;COCONUT;SEASHELLS;9885.0;5
974600;;;COCONUT;SEASHELLS;9883.0;7
975400;;;COCONUT_COUPON;SEASHELLS;574.0;16
975700;;;COCONUT_COUPON;SEASHELLS;570.0;10
976100;;;COCONUT;SEASHELLS;9881.0;5
976500;;;COCONUT_COUPON;SEASHELLS;567.0;15
977700;;;COCONUT_COUPON;SEASHELLS;572.0;10
978100;;;COCONUT;SEASHELLS;9883.0;6
978200;;;COCONUT;SEASHELLS;9881.0;5
978900;;;COCONUT_COUPON;SEASHELLS;572.0;19
980100;;;COCONUT;SEASHELLS;9882.0;8
981200;;;COCONUT;SEASHELLS;9886.0;1
981600;;;COCONUT_COUPON;SEASHELLS;572.0;17
983400;;;COCONUT;SEASHELLS;9884.0;6
983400;;;COCONUT;SEASHELLS;9883.0;5
984200;;;COCONUT;SEASHELLS;9882.0;3
984700;;;COCONUT_COUPON;SEASHELLS;570.0;10
985700;;;COCONUT_COUPON;SEASHELLS;574.0;11
985700;;;COCONUT_COUPON;SEASHELLS;573.0;12
986100;;;COCONUT_COUPON;SEASHELLS;574.0;10
986200;;;COCONUT;SEASHELLS;9878.0;9
988000;;;COCONUT_COUPON;SEASHELLS;570.0;13
988400;;;COCONUT_COUPON;SEASHELLS;570.0;10
988900;;;COCONUT_COUPON;SEASHELLS;571.0;20
989200;;;COCONUT_COUPON;SEASHELLS;572.0;16
989200;;;COCONUT_COUPON;SEASHELLS;572.0;1
989700;;;COCONUT;SEASHELLS;9879.0;3
989700;;;COCONUT;SEASHELLS;9879.0;5
992000;;;COCONUT;SEASHELLS;9887.0;9
992300;;;COCONUT_COUPON;SEASHELLS;575.0;6
992600;;;COCONUT_COUPON;SEASHELLS;574.0;14
992900;;;COCONUT_COUPON;SEASHELLS;577.0;14
993200;;;COCONUT;SEASHELLS;9888.0;3
993700;;;COCONUT;SEASHELLS;9887.0;7
993800;;;COCONUT;SEASHELLS;9885.0;6
994100;;;COCONUT;SEASHELLS;9883.0;9
994300;;;COCONUT;SEASHELLS;9885.0;3
994900;;;COCONUT;SEASHELLS;9885.0;9
995500;;;COCONUT;SEASHELLS;9887.0;8
996200;;;COCONUT_COUPON;SEASHELLS;585.0;14
997100;;;COCONUT;SEASHELLS;9885.0;9
997200;;;COCONUT;SEASHELLS;9883.0;8
998600;;;COCONUT;SEASHELLS;9887.0;5
999800;;;COCONUT_COUPON;SEASHELLS;575.0;14
