timestamp;buyer;seller;symbol;currency;price;quantity
1200;Valentina;Rhianna;COCONUT_COUPON;SEASHELLS;617.0;15
1700;Vinnie;Rhianna;COCONUT;SEASHELLS;9983.0;2
1900;Vinnie;Vinnie;COCONUT;SEASHELLS;9982.0;9
2100;Ruby;Valentina;COCONUT_COUPON;SEASHELLS;616.0;13
2600;Vinnie;Vinnie;COCONUT;SEASHELLS;9985.0;5
4100;Valentina;Vinnie;COCONUT_COUPON;SEASHELLS;612.0;12
5500;Valentina;Valentina;COCONUT_COUPON;SEASHELLS;609.0;9
5900;Vinnie;Raj;COCONUT;SEASHELLS;9978.0;5
7500;Vinnie;Raj;COCONUT;SEASHELLS;9978.0;6
8200;Valentina;Valentina;COCONUT_COUPON;SEASHELLS;600.0;4
9400;Valentina;Vinnie;COCONUT_COUPON;SEASHELLS;601.0;20
10000;Valentina;Vinnie;COCONUT_COUPON;SEASHELLS;605.0;11
10200;Valentina;Vinnie;COCONUT_COUPON;SEASHELLS;603.0;14
10600;Vladimir;Valentina;COCONUT_COUPON;SEASHELLS;604.0;8
11500;Raj;Vinnie;COCONUT;SEASHELLS;9972.0;8
11800;Ruby;Valentina;COCONUT_COUPON;SEASHELLS;606.0;14
11800;Vinnie;Vinnie;COCONUT;SEASHELLS;9973.0;5
12800;Valentina;Rhianna;COCONUT_COUPON;SEASHELLS;608.0;11
12900;Vinnie;Vinnie;COCONUT;SEASHELLS;9976.0;10
13300;Rhianna;Vinnie;COCONUT;SEASHELLS;9975.0;3
13700;Ruby;Valentina;COCONUT_COUPON;SEASHELLS;609.0;11
14300;Valentina;Vinnie;COCONUT_COUPON;SEASHELLS;607.0;17
14600;Vinnie;Vinnie;COCONUT;SEASHELLS;9976.0;6
14600;Valentina;Vinnie;COCONUT_COUPON;SEASHELLS;608.0;12
15800;Valentina;Rhianna;COCONUT_COUPON;SEASHELLS;610.0;6
17600;Valentina;Vinnie;COCONUT_COUPON;SEASHELLS;604.0;20
19700;Valentina;Vinnie;COCONUT_COUPON;SEASHELLS;603.0;12
22700;Valentina;Rhianna;COCONUT_COUPON;SEASHELLS;603.0;12
22800;Rhianna;Vinnie;COCONUT;SEASHELLS;9969.0;3
22900;Valentina;Rhianna;COCONUT_COUPON;SEASHELLS;604.0;7
23000;Valentina;Vinnie;COCONUT_COUPON;SEASHELLS;605.0;16
24200;Vinnie;Vinnie;COCONUT;SEASHELLS;9967.0;10
24400;Valentina;Vinnie;COCONUT_COUPON;SEASHELLS;607.0;16
25500;Vinnie;Vinnie;COCONUT;SEASHELLS;9966.0;10
26600;Valentina;Vinnie;COCONUT_COUPON;SEASHELLS;608.0;17
27000;Valentina;Rhianna;COCONUT_COUPON;SEASHELLS;608.0;7
27300;Rhianna;Vinnie;COCONUT;SEASHELLS;9970.0;2
27700;Valentina;Vinnie;COCONUT_COUPON;SEASHELLS;607.0;13
28400;Valentina;Vinnie;COCONUT_COUPON;SEASHELLS;603.0;11
28400;Vladimir;Ruby;COCONUT_COUPON;SEASHELLS;603.0;2
28400;Valentina;Ruby;COCONUT_COUPON;SEASHELLS;603.0;14
29700;Valentina;Vinnie;COCONUT_COUPON;SEASHELLS;601.0;14
29900;Valentina;Rhianna;COCONUT_COUPON;SEASHELLS;602.0;8
30600;Vinnie;Vinnie;COCONUT;SEASHELLS;9963.0;8
30800;Valentina;Ruby;COCONUT_COUPON;SEASHELLS;601.0;17
31200;Valentina;Vinnie;COCONUT_COUPON;SEASHELLS;602.0;15
31200;Vladimir;Vinnie;COCONUT_COUPON;SEASHELLS;602.0;5
31500;Valentina;Rhianna;COCONUT_COUPON;SEASHELLS;604.0;6
31600;Raj;Vinnie;COCONUT;SEASHELLS;9964.0;5
32000;Vinnie;Vinnie;COCONUT;SEASHELLS;9962.0;5
32900;Vinnie;Vinnie;COCONUT;SEASHELLS;9963.0;8
33300;Rhianna;Vinnie;COCONUT;SEASHELLS;9966.0;1
34300;Rhianna;Vinnie;COCONUT;SEASHELLS;9973.0;3
34300;Valentina;Ruby;COCONUT_COUPON;SEASHELLS;606.0;14
35400;Valentina;Vinnie;COCONUT_COUPON;SEASHELLS;604.0;13
35800;Valentina;Vinnie;COCONUT_COUPON;SEASHELLS;604.0;17
35800;Vladimir;Vinnie;COCONUT_COUPON;SEASHELLS;604.0;1
36200;Valentina;Ruby;COCONUT_COUPON;SEASHELLS;602.0;16
36200;Vladimir;Ruby;COCONUT_COUPON;SEASHELLS;602.0;4
36400;Vinnie;Rhianna;COCONUT;SEASHELLS;9970.0;1
36900;Valentina;Rhianna;COCONUT_COUPON;SEASHELLS;604.0;6
37400;Valentina;Rhianna;COCONUT_COUPON;SEASHELLS;602.0;6
37500;Vinnie;Vinnie;COCONUT;SEASHELLS;9967.0;10
37600;Valentina;Rhianna;COCONUT_COUPON;SEASHELLS;604.0;9
37600;Valentina;Vinnie;COCONUT_COUPON;SEASHELLS;604.0;15
38200;Vinnie;Vinnie;COCONUT;SEASHELLS;9967.0;9
38400;Vinnie;Vinnie;COCONUT;SEASHELLS;9966.0;5
40600;Valentina;Ruby;COCONUT_COUPON;SEASHELLS;592.0;13
41200;Vinnie;Rhianna;COCONUT;SEASHELLS;9957.0;3
42000;Raj;Vinnie;COCONUT;SEASHELLS;9959.0;7
42100;Valentina;Vinnie;COCONUT_COUPON;SEASHELLS;591.0;18
43000;Valentina;Vinnie;COCONUT_COUPON;SEASHELLS;593.0;17
43000;Ruby;Valentina;COCONUT_COUPON;SEASHELLS;594.0;18
43200;Vinnie;Vinnie;COCONUT;SEASHELLS;9957.0;7
43400;Valentina;Ruby;COCONUT_COUPON;SEASHELLS;595.0;15
44000;Vinnie;Raj;COCONUT;SEASHELLS;9956.0;9
44400;Valentina;Vinnie;COCONUT_COUPON;SEASHELLS;593.0;13
44600;Valentina;Rhianna;COCONUT_COUPON;SEASHELLS;592.0;13
44800;Valentina;Rhianna;COCONUT_COUPON;SEASHELLS;592.0;12
45700;Valentina;Vinnie;COCONUT_COUPON;SEASHELLS;592.0;20
46100;Valentina;Rhianna;COCONUT_COUPON;SEASHELLS;589.0;13
46400;Ruby;Valentina;COCONUT_COUPON;SEASHELLS;589.0;12
46600;Vinnie;Vinnie;COCONUT;SEASHELLS;9948.0;5
46600;Ruby;Valentina;COCONUT_COUPON;SEASHELLS;587.0;16
48100;Rhianna;Vinnie;COCONUT;SEASHELLS;9953.0;3
49300;Ruby;Valentina;COCONUT_COUPON;SEASHELLS;601.0;12
49600;Valentina;Ruby;COCONUT_COUPON;SEASHELLS;601.0;17
50200;Valentina;Valentina;COCONUT_COUPON;SEASHELLS;598.0;4
50200;Raj;Vinnie;COCONUT;SEASHELLS;9955.0;6
50500;Vinnie;Vinnie;COCONUT;SEASHELLS;9957.0;6
52300;Valentina;Vinnie;COCONUT_COUPON;SEASHELLS;605.0;10
52500;Valentina;Vinnie;COCONUT_COUPON;SEASHELLS;601.0;16
52800;Raj;Vinnie;COCONUT;SEASHELLS;9961.0;6
52900;Vinnie;Vinnie;COCONUT;SEASHELLS;9959.0;7
52900;Vinnie;Raj;COCONUT;SEASHELLS;9959.0;9
53100;Valentina;Valentina;COCONUT_COUPON;SEASHELLS;601.0;5
53200;Valentina;Vinnie;COCONUT_COUPON;SEASHELLS;599.0;17
53300;Vinnie;Vinnie;COCONUT;SEASHELLS;9956.0;6
54100;Ruby;Valentina;COCONUT_COUPON;SEASHELLS;600.0;17
54300;Vinnie;Vinnie;COCONUT;SEASHELLS;9960.0;7
55100;Valentina;Vinnie;COCONUT_COUPON;SEASHELLS;608.0;14
55500;Vinnie;Vinnie;COCONUT;SEASHELLS;9960.0;6
55900;Valentina;Valentina;COCONUT_COUPON;SEASHELLS;608.0;7
56400;Valentina;Rhianna;COCONUT_COUPON;SEASHELLS;604.0;7
56600;Valentina;Vinnie;COCONUT_COUPON;SEASHELLS;604.0;12
57500;Ruby;Valentina;COCONUT_COUPON;SEASHELLS;601.0;11
57500;Rhianna;Vinnie;COCONUT;SEASHELLS;9956.0;3
57800;Valentina;Vinnie;COCONUT_COUPON;SEASHELLS;602.0;20
58300;Valentina;Valentina;COCONUT_COUPON;SEASHELLS;603.0;6
58900;Vinnie;Vinnie;COCONUT;SEASHELLS;9954.0;6
59300;Vinnie;Vinnie;COCONUT;SEASHELLS;9953.0;5
59300;Vinnie;Rhianna;COCONUT;SEASHELLS;9953.0;1
60100;Valentina;Ruby;COCONUT_COUPON;SEASHELLS;594.0;16
61600;Vinnie;Vinnie;COCONUT;SEASHELLS;9954.0;7
62600;Vinnie;Raj;COCONUT;SEASHELLS;9951.0;9
63100;Valentina;Ruby;COCONUT_COUPON;SEASHELLS;594.0;14
63600;Valentina;Valentina;COCONUT_COUPON;SEASHELLS;597.0;9
64500;Vinnie;Vinnie;COCONUT;SEASHELLS;9952.0;9
65300;Valentina;Vinnie;COCONUT_COUPON;SEASHELLS;595.0;10
66200;Valentina;Ruby;COCONUT_COUPON;SEASHELLS;592.0;17
66200;Vladimir;Ruby;COCONUT_COUPON;SEASHELLS;592.0;3
66900;Valentina;Vinnie;COCONUT_COUPON;SEASHELLS;591.0;16
69000;Ruby;Vladimir;COCONUT_COUPON;SEASHELLS;601.0;4
69000;Ruby;Valentina;COCONUT_COUPON;SEASHELLS;601.0;15
70100;Vinnie;Vinnie;COCONUT;SEASHELLS;9946.0;5
70300;Vinnie;Rhianna;COCONUT;SEASHELLS;9945.0;2
70400;Ruby;Valentina;COCONUT_COUPON;SEASHELLS;595.0;20
70600;Valentina;Vinnie;COCONUT_COUPON;SEASHELLS;594.0;19
71300;Vinnie;Vinnie;COCONUT;SEASHELLS;9941.0;6
71900;Valentina;Ruby;COCONUT_COUPON;SEASHELLS;589.0;11
72600;Vinnie;Vinnie;COCONUT;SEASHELLS;9938.0;9
73100;Ruby;Valentina;COCONUT_COUPON;SEASHELLS;593.0;20
73300;Valentina;Rhianna;COCONUT_COUPON;SEASHELLS;595.0;6
73400;Ruby;Valentina;COCONUT_COUPON;SEASHELLS;595.0;16
73500;Valentina;Vinnie;COCONUT_COUPON;SEASHELLS;594.0;10
73600;Vinnie;Vinnie;COCONUT;SEASHELLS;9943.0;10
74700;Valentina;Rhianna;COCONUT_COUPON;SEASHELLS;590.0;8
75300;Valentina;Ruby;COCONUT_COUPON;SEASHELLS;590.0;14
77500;Valentina;Vinnie;COCONUT_COUPON;SEASHELLS;587.0;11
79300;Valentina;Vinnie;COCONUT_COUPON;SEASHELLS;591.0;13
79800;Vladimir;Ruby;COCONUT_COUPON;SEASHELLS;592.0;1
79800;Valentina;Ruby;COCONUT_COUPON;SEASHELLS;592.0;18
79900;Valentina;Vinnie;COCONUT_COUPON;SEASHELLS;592.0;17
80100;Valentina;Vinnie;COCONUT_COUPON;SEASHELLS;594.0;13
80300;Valentina;Vinnie;COCONUT_COUPON;SEASHELLS;594.0;18
80300;Valentina;Valentina;COCONUT_COUPON;SEASHELLS;595.0;7
80700;Vinnie;Raj;COCONUT;SEASHELLS;9935.0;5
81400;Rhianna;Vinnie;COCONUT;SEASHELLS;9935.0;1
83500;Valentina;Vinnie;COCONUT_COUPON;SEASHELLS;595.0;12
84000;Valentina;Vinnie;COCONUT_COUPON;SEASHELLS;598.0;16
85400;Vinnie;Raj;COCONUT;SEASHELLS;9941.0;9
85600;Valentina;Vinnie;COCONUT_COUPON;SEASHELLS;594.0;18
88400;Rhianna;Vinnie;COCONUT;SEASHELLS;9946.0;2
89200;Valentina;Vinnie;COCONUT_COUPON;SEASHELLS;601.0;19
89800;Valentina;Vinnie;COCONUT_COUPON;SEASHELLS;599.0;17
89900;Valentina;Vinnie;COCONUT_COUPON;SEASHELLS;600.0;18
90100;Valentina;Valentina;COCONUT_COUPON;SEASHELLS;600.0;4
90500;Valentina;Rhianna;COCONUT_COUPON;SEASHELLS;599.0;11
91300;Vinnie;Vinnie;COCONUT;SEASHELLS;9937.0;10
91700;Valentina;Rhianna;COCONUT_COUPON;SEASHELLS;599.0;13
91900;Vinnie;Rhianna;COCONUT;SEASHELLS;9938.0;2
92200;Valentina;Vinnie;COCONUT_COUPON;SEASHELLS;597.0;16
92400;Raj;Vinnie;COCONUT;SEASHELLS;9941.0;10
92800;Valentina;Valentina;COCONUT_COUPON;SEASHELLS;598.0;6
93200;Valentina;Valentina;COCONUT_COUPON;SEASHELLS;598.0;6
95100;Valentina;Valentina;COCONUT_COUPON;SEASHELLS;588.0;6
95700;Valentina;Valentina;COCONUT_COUPON;SEASHELLS;592.0;6
97100;Valentina;Vinnie;COCONUT_COUPON;SEASHELLS;596.0;20
97500;Vinnie;Rhianna;COCONUT;SEASHELLS;9956.0;3
97600;Valentina;Vinnie;COCONUT_COUPON;SEASHELLS;597.0;20
97900;Vinnie;Vinnie;COCONUT;SEASHELLS;9960.0;7
98000;Valentina;Ruby;COCONUT_COUPON;SEASHELLS;600.0;18
98600;Vinnie;Vinnie;COCONUT;SEASHELLS;9959.0;7
98900;Valentina;Vinnie;COCONUT_COUPON;SEASHELLS;594.0;16
99000;Vinnie;Vinnie;COCONUT;SEASHELLS;9959.0;10
99700;Valentina;Rhianna;COCONUT_COUPON;SEASHELLS;595.0;10
99800;Vinnie;Vinnie;COCONUT;SEASHELLS;9963.0;8
100300;Valentina;Vinnie;COCONUT_COUPON;SEASHELLS;598.0;10
101500;Valentina;Vinnie;COCONUT_COUPON;SEASHELLS;604.0;16
101500;Vinnie;Rhianna;COCONUT;SEASHELLS;9965.0;2
102600;Vinnie;Vinnie;COCONUT;SEASHELLS;9963.0;6
102800;Valentina;Ruby;COCONUT_COUPON;SEASHELLS;606.0;17
102800;Valentina;Valentina;COCONUT_COUPON;SEASHELLS;606.0;5
102900;Vinnie;Ruby;COCONUT_COUPON;SEASHELLS;606.0;18
104100;Vinnie;Vinnie;COCONUT;SEASHELLS;9967.0;10
104300;Valentina;Vinnie;COCONUT_COUPON;SEASHELLS;606.0;18
105000;Valentina;Vinnie;COCONUT_COUPON;SEASHELLS;605.0;13
106200;Valentina;Vinnie;COCONUT_COUPON;SEASHELLS;606.0;19
106400;Valentina;Vinnie;COCONUT_COUPON;SEASHELLS;606.0;14
106700;Raj;Vinnie;COCONUT;SEASHELLS;9966.0;10
107300;Valentina;Rhianna;COCONUT_COUPON;SEASHELLS;604.0;12
108500;Raj;Vinnie;COCONUT;SEASHELLS;9963.0;6
108500;Vinnie;Vinnie;COCONUT;SEASHELLS;9962.0;6
109000;Vinnie;Vinnie;COCONUT;SEASHELLS;9964.0;5
110300;Valentina;Ruby;COCONUT_COUPON;SEASHELLS;608.0;20
110600;Valentina;Vinnie;COCONUT_COUPON;SEASHELLS;606.0;16
111100;Valentina;Valentina;COCONUT_COUPON;SEASHELLS;604.0;9
111600;Ruby;Valentina;COCONUT_COUPON;SEASHELLS;606.0;10
112000;Vinnie;Vinnie;COCONUT;SEASHELLS;9965.0;8
112300;Valentina;Ruby;COCONUT_COUPON;SEASHELLS;605.0;16
112500;Rhianna;Vinnie;COCONUT;SEASHELLS;9966.0;3
112500;Ruby;Valentina;COCONUT_COUPON;SEASHELLS;605.0;14
114200;Raj;Vinnie;COCONUT;SEASHELLS;9960.0;8
114900;Valentina;Vinnie;COCONUT_COUPON;SEASHELLS;600.0;15
114900;Vladimir;Vinnie;COCONUT_COUPON;SEASHELLS;600.0;4
114900;Rhianna;Vinnie;COCONUT;SEASHELLS;9955.0;2
115300;Valentina;Vinnie;COCONUT_COUPON;SEASHELLS;599.0;17
115300;Vinnie;Ruby;COCONUT_COUPON;SEASHELLS;599.0;1
115300;Valentina;Ruby;COCONUT_COUPON;SEASHELLS;599.0;1
115300;Vladimir;Ruby;COCONUT_COUPON;SEASHELLS;599.0;10
115400;Valentina;Vinnie;COCONUT_COUPON;SEASHELLS;600.0;11
117300;Vinnie;Rhianna;COCONUT;SEASHELLS;9946.0;1
118600;Ruby;Valentina;COCONUT_COUPON;SEASHELLS;590.0;16
118600;Valentina;Vinnie;COCONUT_COUPON;SEASHELLS;589.0;11
119900;Valentina;Vinnie;COCONUT_COUPON;SEASHELLS;584.0;5
120000;Vinnie;Vinnie;COCONUT;SEASHELLS;9931.0;5
120400;Vinnie;Vinnie;COCONUT;SEASHELLS;9934.0;9
120900;Valentina;Valentina;COCONUT_COUPON;SEASHELLS;583.0;6
121000;Vinnie;Vinnie;COCONUT;SEASHELLS;9934.0;10
121800;Valentina;Vinnie;COCONUT_COUPON;SEASHELLS;583.0;17
122300;Vinnie;Vinnie;COCONUT;SEASHELLS;9930.0;7
123800;Valentina;Vinnie;COCONUT_COUPON;SEASHELLS;588.0;15
124200;Valentina;Vinnie;COCONUT_COUPON;SEASHELLS;586.0;19
124400;Valentina;Vinnie;COCONUT_COUPON;SEASHELLS;588.0;10
124600;Vinnie;Vinnie;COCONUT;SEASHELLS;9930.0;9
124600;Valentina;Vinnie;COCONUT_COUPON;SEASHELLS;589.0;11
124800;Valentina;Rhianna;COCONUT_COUPON;SEASHELLS;592.0;5
124900;Valentina;Vinnie;COCONUT_COUPON;SEASHELLS;593.0;11
125000;Valentina;Vinnie;COCONUT_COUPON;SEASHELLS;595.0;16
125400;Vinnie;Vinnie;COCONUT;SEASHELLS;9929.0;9
125700;Vinnie;Vinnie;COCONUT;SEASHELLS;9926.0;9
126800;Valentina;Vinnie;COCONUT_COUPON;SEASHELLS;602.0;15
126800;Vladimir;Vinnie;COCONUT_COUPON;SEASHELLS;602.0;5
127600;Raj;Vinnie;COCONUT;SEASHELLS;9930.0;7
128700;Vinnie;Rhianna;COCONUT;SEASHELLS;9923.0;3
129200;Valentina;Vinnie;COCONUT_COUPON;SEASHELLS;590.0;12
129400;Vinnie;Vinnie;COCONUT;SEASHELLS;9920.0;6
129900;Vinnie;Vinnie;COCONUT;SEASHELLS;9921.0;9
130300;Vinnie;Vinnie;COCONUT;SEASHELLS;9924.0;5
130500;Valentina;Vinnie;COCONUT_COUPON;SEASHELLS;594.0;17
130500;Vladimir;Vinnie;COCONUT_COUPON;SEASHELLS;594.0;2
130600;Vinnie;Vinnie;COCONUT;SEASHELLS;9920.0;5
131000;Rhianna;Vinnie;COCONUT;SEASHELLS;9923.0;1
131700;Valentina;Ruby;COCONUT_COUPON;SEASHELLS;600.0;17
132000;Vinnie;Vinnie;COCONUT;SEASHELLS;9927.0;6
132300;Valentina;Vinnie;COCONUT_COUPON;SEASHELLS;600.0;14
132800;Valentina;Valentina;COCONUT_COUPON;SEASHELLS;595.0;8
135700;Valentina;Vinnie;COCONUT_COUPON;SEASHELLS;582.0;13
136800;Vinnie;Rhianna;COCONUT;SEASHELLS;9918.0;2
137600;Vinnie;Vinnie;COCONUT;SEASHELLS;9916.0;6
138200;Valentina;Vinnie;COCONUT_COUPON;SEASHELLS;578.0;16
138300;Vinnie;Raj;COCONUT;SEASHELLS;9912.0;6
139200;Valentina;Vinnie;COCONUT_COUPON;SEASHELLS;582.0;18
140800;Valentina;Rhianna;COCONUT_COUPON;SEASHELLS;576.0;4
140800;Vinnie;Rhianna;COCONUT_COUPON;SEASHELLS;577.0;1
141500;Ruby;Valentina;COCONUT_COUPON;SEASHELLS;574.0;16
141700;Vinnie;Vinnie;COCONUT;SEASHELLS;9905.0;5
142300;Valentina;Vinnie;COCONUT_COUPON;SEASHELLS;573.0;10
143100;Rhianna;Vinnie;COCONUT;SEASHELLS;9906.0;3
143200;Valentina;Vinnie;COCONUT_COUPON;SEASHELLS;573.0;14
143200;Valentina;Ruby;COCONUT_COUPON;SEASHELLS;573.0;10
143700;Valentina;Vinnie;COCONUT_COUPON;SEASHELLS;574.0;19
143800;Valentina;Vinnie;COCONUT_COUPON;SEASHELLS;576.0;18
143900;Vinnie;Rhianna;COCONUT;SEASHELLS;9906.0;2
143900;Vinnie;Vinnie;COCONUT;SEASHELLS;9906.0;6
144700;Valentina;Ruby;COCONUT_COUPON;SEASHELLS;572.0;20
144800;Vinnie;Rhianna;COCONUT;SEASHELLS;9901.0;1
148000;Vinnie;Rhianna;COCONUT;SEASHELLS;9892.0;2
148100;Valentina;Rhianna;COCONUT_COUPON;SEASHELLS;572.0;9
148600;Valentina;Rhianna;COCONUT_COUPON;SEASHELLS;578.0;11
148800;Vinnie;Vinnie;COCONUT;SEASHELLS;9894.0;8
149700;Valentina;Vinnie;COCONUT_COUPON;SEASHELLS;581.0;16
150000;Valentina;Valentina;COCONUT_COUPON;SEASHELLS;586.0;8
150200;Valentina;Vinnie;COCONUT_COUPON;SEASHELLS;587.0;10
150800;Rhianna;Vinnie;COCONUT;SEASHELLS;9900.0;3
151100;Valentina;Rhianna;COCONUT_COUPON;SEASHELLS;583.0;9
152900;Valentina;Vinnie;COCONUT_COUPON;SEASHELLS;593.0;16
153100;Valentina;Ruby;COCONUT_COUPON;SEASHELLS;593.0;14
153800;Ruby;Valentina;COCONUT_COUPON;SEASHELLS;597.0;10
154000;Vinnie;Vinnie;COCONUT;SEASHELLS;9903.0;9
154700;Vinnie;Vinnie;COCONUT;SEASHELLS;9905.0;9
158800;Ruby;Valentina;COCONUT_COUPON;SEASHELLS;598.0;17
160000;Vinnie;Raj;COCONUT;SEASHELLS;9909.0;7
160500;Valentina;Vinnie;COCONUT_COUPON;SEASHELLS;599.0;16
160800;Vinnie;Vinnie;COCONUT;SEASHELLS;9912.0;6
160900;Vinnie;Vinnie;COCONUT;SEASHELLS;9912.0;9
161600;Valentina;Rhianna;COCONUT_COUPON;SEASHELLS;601.0;10
161700;Valentina;Rhianna;COCONUT_COUPON;SEASHELLS;601.0;12
161900;Valentina;Rhianna;COCONUT_COUPON;SEASHELLS;604.0;8
162000;Rhianna;Vinnie;COCONUT;SEASHELLS;9913.0;1
162400;Vinnie;Rhianna;COCONUT;SEASHELLS;9913.0;1
162900;Rhianna;Vinnie;COCONUT;SEASHELLS;9915.0;3
163000;Valentina;Vinnie;COCONUT_COUPON;SEASHELLS;604.0;14
163000;Vinnie;Vinnie;COCONUT;SEASHELLS;9913.0;10
163200;Valentina;Rhianna;COCONUT_COUPON;SEASHELLS;605.0;5
163600;Valentina;Vinnie;COCONUT_COUPON;SEASHELLS;604.0;17
163800;Vinnie;Vinnie;COCONUT;SEASHELLS;9911.0;10
164400;Ruby;Valentina;COCONUT_COUPON;SEASHELLS;607.0;11
164500;Vinnie;Vinnie;COCONUT;SEASHELLS;9910.0;10
164800;Vinnie;Rhianna;COCONUT;SEASHELLS;9908.0;2
165100;Valentina;Rhianna;COCONUT_COUPON;SEASHELLS;605.0;14
165200;Valentina;Vinnie;COCONUT_COUPON;SEASHELLS;602.0;14
165200;Vladimir;Ruby;COCONUT_COUPON;SEASHELLS;602.0;8
165200;Valentina;Ruby;COCONUT_COUPON;SEASHELLS;602.0;6
165500;Valentina;Vinnie;COCONUT_COUPON;SEASHELLS;601.0;14
165600;Valentina;Vinnie;COCONUT_COUPON;SEASHELLS;600.0;13
165800;Valentina;Valentina;COCONUT_COUPON;SEASHELLS;599.0;4
166000;Valentina;Vinnie;COCONUT_COUPON;SEASHELLS;599.0;15
166300;Valentina;Ruby;COCONUT_COUPON;SEASHELLS;598.0;11
167100;Vinnie;Vinnie;COCONUT;SEASHELLS;9904.0;6
167100;Valentina;Vinnie;COCONUT_COUPON;SEASHELLS;594.0;14
168000;Valentina;Rhianna;COCONUT_COUPON;SEASHELLS;594.0;13
168200;Valentina;Vinnie;COCONUT_COUPON;SEASHELLS;594.0;10
170400;Valentina;Vinnie;COCONUT_COUPON;SEASHELLS;593.0;11
170800;Valentina;Vinnie;COCONUT_COUPON;SEASHELLS;593.0;18
171100;Valentina;Vinnie;COCONUT_COUPON;SEASHELLS;596.0;15
171100;Vladimir;Vinnie;COCONUT_COUPON;SEASHELLS;596.0;2
171500;Vinnie;Rhianna;COCONUT;SEASHELLS;9916.0;2
172500;Valentina;Rhianna;COCONUT_COUPON;SEASHELLS;589.0;8
172700;Valentina;Ruby;COCONUT_COUPON;SEASHELLS;592.0;15
173100;Valentina;Vinnie;COCONUT_COUPON;SEASHELLS;592.0;19
173600;Vinnie;Vinnie;COCONUT;SEASHELLS;9916.0;10
174600;Valentina;Vinnie;COCONUT_COUPON;SEASHELLS;591.0;18
176100;Valentina;Ruby;COCONUT_COUPON;SEASHELLS;590.0;16
176900;Vladimir;Valentina;COCONUT_COUPON;SEASHELLS;591.0;5
176900;Valentina;Valentina;COCONUT_COUPON;SEASHELLS;591.0;1
176900;Valentina;Vinnie;COCONUT_COUPON;SEASHELLS;591.0;16
177300;Vinnie;Vinnie;COCONUT;SEASHELLS;9909.0;9
177500;Valentina;Vinnie;COCONUT_COUPON;SEASHELLS;593.0;14
178500;Vinnie;Rhianna;COCONUT;SEASHELLS;9911.0;1
178600;Vinnie;Rhianna;COCONUT;SEASHELLS;9912.0;1
179500;Valentina;Vinnie;COCONUT_COUPON;SEASHELLS;588.0;11
179600;Vinnie;Vinnie;COCONUT;SEASHELLS;9912.0;9
179800;Vinnie;Vinnie;COCONUT;SEASHELLS;9912.0;7
179900;Vinnie;Rhianna;COCONUT;SEASHELLS;9912.0;3
180100;Valentina;Vinnie;COCONUT_COUPON;SEASHELLS;587.0;14
180600;Valentina;Vinnie;COCONUT_COUPON;SEASHELLS;587.0;18
180600;Vladimir;Vinnie;COCONUT_COUPON;SEASHELLS;587.0;1
181100;Vinnie;Vinnie;COCONUT;SEASHELLS;9915.0;5
182400;Valentina;Valentina;COCONUT_COUPON;SEASHELLS;581.0;6
182500;Valentina;Rhianna;COCONUT_COUPON;SEASHELLS;582.0;6
182900;Vinnie;Vinnie;COCONUT;SEASHELLS;9914.0;7
183500;Vinnie;Vinnie;COCONUT;SEASHELLS;9916.0;6
184300;Valentina;Rhianna;COCONUT_COUPON;SEASHELLS;578.0;10
185700;Vinnie;Raj;COCONUT;SEASHELLS;9912.0;5
185800;Valentina;Valentina;COCONUT_COUPON;SEASHELLS;578.0;10
186100;Ruby;Valentina;COCONUT_COUPON;SEASHELLS;582.0;15
186400;Vinnie;Rhianna;COCONUT;SEASHELLS;9916.0;3
187200;Valentina;Ruby;COCONUT_COUPON;SEASHELLS;575.0;14
188500;Valentina;Vinnie;COCONUT_COUPON;SEASHELLS;579.0;19
188900;Valentina;Rhianna;COCONUT_COUPON;SEASHELLS;579.0;12
189000;Valentina;Rhianna;COCONUT_COUPON;SEASHELLS;579.0;9
189100;Rhianna;Vinnie;COCONUT;SEASHELLS;9909.0;1
190300;Valentina;Ruby;COCONUT_COUPON;SEASHELLS;574.0;14
190400;Valentina;Ruby;COCONUT_COUPON;SEASHELLS;572.0;13
190700;Valentina;Valentina;COCONUT_COUPON;SEASHELLS;569.0;10
190800;Valentina;Ruby;COCONUT_COUPON;SEASHELLS;571.0;15
191100;Vinnie;Vinnie;COCONUT;SEASHELLS;9904.0;6
193000;Raj;Vinnie;COCONUT;SEASHELLS;9910.0;8
193200;Vinnie;Rhianna;COCONUT;SEASHELLS;9910.0;2
193900;Valentina;Vinnie;COCONUT_COUPON;SEASHELLS;581.0;12
194000;Valentina;Vinnie;COCONUT_COUPON;SEASHELLS;580.0;20
195100;Valentina;Vinnie;COCONUT_COUPON;SEASHELLS;583.0;15
195800;Valentina;Ruby;COCONUT_COUPON;SEASHELLS;581.0;11
195800;Valentina;Valentina;COCONUT_COUPON;SEASHELLS;581.0;10
196200;Valentina;Ruby;COCONUT_COUPON;SEASHELLS;582.0;18
196300;Valentina;Vinnie;COCONUT_COUPON;SEASHELLS;581.0;13
197100;Ruby;Valentina;COCONUT_COUPON;SEASHELLS;584.0;10
197100;Valentina;Vinnie;COCONUT_COUPON;SEASHELLS;583.0;13
197300;Valentina;Vinnie;COCONUT_COUPON;SEASHELLS;586.0;12
197900;Valentina;Vinnie;COCONUT_COUPON;SEASHELLS;586.0;18
198400;Valentina;Valentina;COCONUT_COUPON;SEASHELLS;586.0;6
198900;Vinnie;Vinnie;COCONUT;SEASHELLS;9916.0;6
200000;Vladimir;Vinnie;COCONUT_COUPON;SEASHELLS;581.0;2
200000;Valentina;Vinnie;COCONUT_COUPON;SEASHELLS;581.0;16
200300;Rhianna;Vinnie;COCONUT;SEASHELLS;9914.0;1
200600;Valentina;Ruby;COCONUT_COUPON;SEASHELLS;584.0;18
201100;Ruby;Valentina;COCONUT_COUPON;SEASHELLS;589.0;16
201500;Valentina;Vinnie;COCONUT_COUPON;SEASHELLS;589.0;12
202200;Vinnie;Raj;COCONUT;SEASHELLS;9915.0;10
202500;Vinnie;Vinnie;COCONUT;SEASHELLS;9916.0;7
202900;Valentina;Vinnie;COCONUT_COUPON;SEASHELLS;592.0;11
203600;Raj;Vinnie;COCONUT;SEASHELLS;9921.0;5
204200;Ruby;Valentina;COCONUT_COUPON;SEASHELLS;592.0;14
204800;Valentina;Rhianna;COCONUT_COUPON;SEASHELLS;593.0;12
205900;Ruby;Valentina;COCONUT_COUPON;SEASHELLS;592.0;18
206800;Valentina;Vinnie;COCONUT_COUPON;SEASHELLS;595.0;18
208400;Valentina;Vinnie;COCONUT_COUPON;SEASHELLS;597.0;13
208800;Valentina;Rhianna;COCONUT_COUPON;SEASHELLS;597.0;7
209300;Ruby;Valentina;COCONUT_COUPON;SEASHELLS;596.0;13
210400;Valentina;Rhianna;COCONUT_COUPON;SEASHELLS;592.0;14
211000;Raj;Vinnie;COCONUT;SEASHELLS;9924.0;9
211600;Valentina;Valentina;COCONUT_COUPON;SEASHELLS;586.0;9
211900;Vinnie;Vinnie;COCONUT;SEASHELLS;9920.0;8
213500;Vinnie;Vinnie;COCONUT;SEASHELLS;9926.0;6
214000;Valentina;Rhianna;COCONUT_COUPON;SEASHELLS;591.0;12
214000;Vinnie;Vinnie;COCONUT;SEASHELLS;9921.0;5
216400;Valentina;Rhianna;COCONUT_COUPON;SEASHELLS;587.0;5
216700;Ruby;Valentina;COCONUT_COUPON;SEASHELLS;593.0;20
216800;Vinnie;Vinnie;COCONUT;SEASHELLS;9921.0;7
216800;Valentina;Vinnie;COCONUT_COUPON;SEASHELLS;592.0;11
217000;Vinnie;Rhianna;COCONUT;SEASHELLS;9923.0;1
217500;Vinnie;Vinnie;COCONUT;SEASHELLS;9922.0;9
219400;Vinnie;Raj;COCONUT;SEASHELLS;9909.0;5
220900;Valentina;Valentina;COCONUT_COUPON;SEASHELLS;586.0;5
221500;Valentina;Vinnie;COCONUT_COUPON;SEASHELLS;587.0;16
221600;Vladimir;Valentina;COCONUT_COUPON;SEASHELLS;587.0;7
222000;Valentina;Vinnie;COCONUT_COUPON;SEASHELLS;586.0;10
222300;Valentina;Valentina;COCONUT_COUPON;SEASHELLS;583.0;6
222700;Vinnie;Vinnie;COCONUT;SEASHELLS;9916.0;9
222800;Vinnie;Rhianna;COCONUT;SEASHELLS;9915.0;1
223500;Ruby;Valentina;COCONUT_COUPON;SEASHELLS;589.0;13
223700;Vinnie;Vinnie;COCONUT;SEASHELLS;9917.0;9
223900;Valentina;Rhianna;COCONUT_COUPON;SEASHELLS;589.0;9
224000;Valentina;Vinnie;COCONUT_COUPON;SEASHELLS;590.0;13
224200;Valentina;Vinnie;COCONUT_COUPON;SEASHELLS;590.0;12
224400;Vinnie;Vinnie;COCONUT;SEASHELLS;9919.0;6
224700;Valentina;Rhianna;COCONUT_COUPON;SEASHELLS;593.0;13
224800;Valentina;Vinnie;COCONUT_COUPON;SEASHELLS;593.0;11
225000;Vinnie;Rhianna;COCONUT;SEASHELLS;9921.0;2
225300;Valentina;Ruby;COCONUT_COUPON;SEASHELLS;597.0;15
226900;Rhianna;Vinnie;COCONUT;SEASHELLS;9930.0;2
228100;Valentina;Vinnie;COCONUT_COUPON;SEASHELLS;596.0;12
230000;Raj;Vinnie;COCONUT;SEASHELLS;9941.0;8
230300;Valentina;Vinnie;COCONUT_COUPON;SEASHELLS;595.0;17
230700;Vinnie;Vinnie;COCONUT;SEASHELLS;9937.0;8
232000;Valentina;Vinnie;COCONUT_COUPON;SEASHELLS;590.0;18
232000;Valentina;Rhianna;COCONUT_COUPON;SEASHELLS;590.0;5
232000;Vladimir;Rhianna;COCONUT_COUPON;SEASHELLS;590.0;5
232300;Rhianna;Vinnie;COCONUT;SEASHELLS;9943.0;2
233200;Vinnie;Vinnie;COCONUT;SEASHELLS;9939.0;6
233300;Valentina;Vinnie;COCONUT_COUPON;SEASHELLS;587.0;12
233500;Vinnie;Raj;COCONUT;SEASHELLS;9939.0;6
233600;Vinnie;Vinnie;COCONUT;SEASHELLS;9940.0;7
233900;Vinnie;Rhianna;COCONUT;SEASHELLS;9940.0;2
234200;Valentina;Valentina;COCONUT_COUPON;SEASHELLS;585.0;9
234500;Valentina;Ruby;COCONUT_COUPON;SEASHELLS;582.0;11
235000;Rhianna;Vinnie;COCONUT;SEASHELLS;9943.0;2
236400;Valentina;Vinnie;COCONUT_COUPON;SEASHELLS;583.0;19
236400;Vladimir;Rhianna;COCONUT_COUPON;SEASHELLS;583.0;7
237400;Vinnie;Vinnie;COCONUT;SEASHELLS;9947.0;8
238000;Valentina;Valentina;COCONUT_COUPON;SEASHELLS;580.0;8
238400;Valentina;Ruby;COCONUT_COUPON;SEASHELLS;577.0;18
238600;Valentina;Vinnie;COCONUT_COUPON;SEASHELLS;578.0;13
238800;Raj;Vinnie;COCONUT;SEASHELLS;9945.0;5
239000;Valentina;Vinnie;COCONUT_COUPON;SEASHELLS;581.0;15
239100;Vinnie;Vinnie;COCONUT;SEASHELLS;9942.0;8
240400;Vinnie;Vinnie;COCONUT;SEASHELLS;9939.0;6
240800;Vinnie;Vinnie;COCONUT;SEASHELLS;9938.0;6
241500;Vinnie;Vinnie;COCONUT;SEASHELLS;9941.0;10
241600;Valentina;Vinnie;COCONUT_COUPON;SEASHELLS;585.0;11
242200;Valentina;Vinnie;COCONUT_COUPON;SEASHELLS;583.0;13
242800;Ruby;Valentina;COCONUT_COUPON;SEASHELLS;583.0;14
244200;Vinnie;Rhianna;COCONUT;SEASHELLS;9940.0;2
244600;Valentina;Vinnie;COCONUT_COUPON;SEASHELLS;580.0;18
245500;Valentina;Vinnie;COCONUT_COUPON;SEASHELLS;582.0;12
245600;Ruby;Valentina;COCONUT_COUPON;SEASHELLS;584.0;16
246800;Ruby;Valentina;COCONUT_COUPON;SEASHELLS;583.0;18
246900;Vinnie;Vinnie;COCONUT;SEASHELLS;9935.0;8
247800;Vinnie;Vinnie;COCONUT;SEASHELLS;9935.0;9
248500;Valentina;Vinnie;COCONUT_COUPON;SEASHELLS;578.0;12
248600;Ruby;Valentina;COCONUT_COUPON;SEASHELLS;580.0;19
248700;Vinnie;Vinnie;COCONUT;SEASHELLS;9936.0;6
248800;Valentina;Vinnie;COCONUT_COUPON;SEASHELLS;583.0;19
249200;Valentina;Vinnie;COCONUT_COUPON;SEASHELLS;582.0;12
249200;Raj;Vinnie;COCONUT;SEASHELLS;9939.0;9
249400;Valentina;Vinnie;COCONUT_COUPON;SEASHELLS;581.0;16
250500;Vinnie;Vinnie;COCONUT;SEASHELLS;9940.0;9
251700;Vinnie;Vinnie;COCONUT;SEASHELLS;9939.0;5
251800;Vinnie;Vinnie;COCONUT;SEASHELLS;9937.0;7
252200;Vinnie;Raj;COCONUT;SEASHELLS;9940.0;8
253300;Vinnie;Vinnie;COCONUT;SEASHELLS;9941.0;9
253400;Vinnie;Vinnie;COCONUT;SEASHELLS;9939.0;10
255200;Vinnie;Vinnie;COCONUT;SEASHELLS;9945.0;6
256800;Vinnie;Vinnie;COCONUT;SEASHELLS;9942.0;8
257700;Valentina;Vinnie;COCONUT_COUPON;SEASHELLS;596.0;15
259500;Vinnie;Vinnie;COCONUT;SEASHELLS;9947.0;7
259900;Valentina;Ruby;COCONUT_COUPON;SEASHELLS;599.0;20
260000;Vinnie;Vinnie;COCONUT;SEASHELLS;9948.0;10
261600;Vinnie;Vinnie;COCONUT;SEASHELLS;9952.0;7
261900;Vinnie;Rhianna;COCONUT;SEASHELLS;9952.0;3
262200;Valentina;Vinnie;COCONUT_COUPON;SEASHELLS;603.0;19
262500;Valentina;Ruby;COCONUT_COUPON;SEASHELLS;602.0;12
263100;Valentina;Vinnie;COCONUT_COUPON;SEASHELLS;603.0;11
264300;Valentina;Vinnie;COCONUT_COUPON;SEASHELLS;606.0;13
264800;Vinnie;Rhianna;COCONUT;SEASHELLS;9953.0;2
267100;Vinnie;Vinnie;COCONUT;SEASHELLS;9957.0;5
268300;Valentina;Ruby;COCONUT_COUPON;SEASHELLS;604.0;12
268400;Valentina;Rhianna;COCONUT_COUPON;SEASHELLS;604.0;10
268800;Ruby;Valentina;COCONUT_COUPON;SEASHELLS;602.0;17
268900;Valentina;Rhianna;COCONUT_COUPON;SEASHELLS;600.0;6
269100;Valentina;Vinnie;COCONUT_COUPON;SEASHELLS;602.0;14
269700;Valentina;Valentina;COCONUT_COUPON;SEASHELLS;602.0;4
271300;Valentina;Rhianna;COCONUT_COUPON;SEASHELLS;610.0;13
271400;Vladimir;Ruby;COCONUT_COUPON;SEASHELLS;609.0;2
271400;Valentina;Ruby;COCONUT_COUPON;SEASHELLS;609.0;17
271400;Valentina;Vinnie;COCONUT_COUPON;SEASHELLS;609.0;12
272400;Valentina;Vinnie;COCONUT_COUPON;SEASHELLS;607.0;16
273000;Valentina;Vinnie;COCONUT_COUPON;SEASHELLS;606.0;15
273100;Valentina;Ruby;COCONUT_COUPON;SEASHELLS;606.0;17
273400;Ruby;Valentina;COCONUT_COUPON;SEASHELLS;611.0;14
274200;Vinnie;Vinnie;COCONUT;SEASHELLS;9947.0;6
274500;Valentina;Vinnie;COCONUT_COUPON;SEASHELLS;608.0;15
274600;Vinnie;Rhianna;COCONUT;SEASHELLS;9943.0;2
275100;Valentina;Valentina;COCONUT_COUPON;SEASHELLS;607.0;10
275500;Vinnie;Vinnie;COCONUT;SEASHELLS;9938.0;5
275700;Valentina;Vinnie;COCONUT_COUPON;SEASHELLS;606.0;19
277600;Valentina;Vinnie;COCONUT_COUPON;SEASHELLS;600.0;17
278500;Vinnie;Vinnie;COCONUT;SEASHELLS;9927.0;7
278600;Valentina;Ruby;COCONUT_COUPON;SEASHELLS;595.0;8
278600;Valentina;Vinnie;COCONUT_COUPON;SEASHELLS;595.0;19
278600;Vladimir;Ruby;COCONUT_COUPON;SEASHELLS;595.0;11
279500;Valentina;Vinnie;COCONUT_COUPON;SEASHELLS;598.0;17
280800;Vinnie;Vinnie;COCONUT;SEASHELLS;9922.0;6
281600;Valentina;Ruby;COCONUT_COUPON;SEASHELLS;606.0;18
282000;Vinnie;Rhianna;COCONUT;SEASHELLS;9923.0;3
282200;Vinnie;Vinnie;COCONUT;SEASHELLS;9924.0;7
283400;Ruby;Valentina;COCONUT_COUPON;SEASHELLS;608.0;20
283800;Valentina;Valentina;COCONUT_COUPON;SEASHELLS;603.0;6
283900;Vinnie;Vinnie;COCONUT;SEASHELLS;9919.0;9
284100;Vinnie;Raj;COCONUT;SEASHELLS;9918.0;9
284200;Vladimir;Rhianna;COCONUT_COUPON;SEASHELLS;603.0;1
284200;Valentina;Rhianna;COCONUT_COUPON;SEASHELLS;603.0;0
284200;Vladimir;Vinnie;COCONUT_COUPON;SEASHELLS;603.0;3
284200;Vladimir;Rhianna;COCONUT_COUPON;SEASHELLS;603.0;12
284200;Valentina;Vinnie;COCONUT_COUPON;SEASHELLS;603.0;17
284400;Vinnie;Vinnie;COCONUT;SEASHELLS;9915.0;8
284900;Vinnie;Vinnie;COCONUT;SEASHELLS;9912.0;6
285900;Valentina;Ruby;COCONUT_COUPON;SEASHELLS;607.0;12
286200;Valentina;Ruby;COCONUT_COUPON;SEASHELLS;609.0;19
286800;Vinnie;Vinnie;COCONUT;SEASHELLS;9914.0;9
287400;Valentina;Rhianna;COCONUT_COUPON;SEASHELLS;606.0;6
287800;Raj;Vinnie;COCONUT;SEASHELLS;9916.0;9
289600;Valentina;Rhianna;COCONUT_COUPON;SEASHELLS;593.0;5
290500;Ruby;Valentina;COCONUT_COUPON;SEASHELLS;591.0;19
291000;Vinnie;Vinnie;COCONUT;SEASHELLS;9910.0;8
291800;Vinnie;Raj;COCONUT;SEASHELLS;9907.0;5
292300;Rhianna;Vinnie;COCONUT;SEASHELLS;9907.0;3
293400;Valentina;Valentina;COCONUT_COUPON;SEASHELLS;587.0;5
294800;Raj;Vinnie;COCONUT;SEASHELLS;9911.0;6
295700;Vinnie;Raj;COCONUT;SEASHELLS;9913.0;9
295700;Vinnie;Vinnie;COCONUT;SEASHELLS;9913.0;7
296500;Vinnie;Rhianna;COCONUT;SEASHELLS;9912.0;3
296800;Valentina;Vinnie;COCONUT_COUPON;SEASHELLS;593.0;10
297200;Raj;Vinnie;COCONUT;SEASHELLS;9910.0;10
298400;Vinnie;Raj;COCONUT;SEASHELLS;9913.0;5
298900;Ruby;Valentina;COCONUT_COUPON;SEASHELLS;597.0;14
300000;Raj;Vinnie;COCONUT;SEASHELLS;9911.0;8
300000;Vladimir;Vinnie;COCONUT_COUPON;SEASHELLS;594.0;14
300100;Vinnie;Vinnie;COCONUT;SEASHELLS;9909.0;7
301600;Valentina;Ruby;COCONUT_COUPON;SEASHELLS;599.0;19
302400;Valentina;Vinnie;COCONUT_COUPON;SEASHELLS;599.0;16
302700;Valentina;Valentina;COCONUT_COUPON;SEASHELLS;599.0;10
303000;Ruby;Valentina;COCONUT_COUPON;SEASHELLS;601.0;18
304300;Valentina;Ruby;COCONUT_COUPON;SEASHELLS;597.0;13
304300;Vinnie;Vinnie;COCONUT;SEASHELLS;9910.0;9
305700;Valentina;Valentina;COCONUT_COUPON;SEASHELLS;596.0;8
305800;Valentina;Vinnie;COCONUT_COUPON;SEASHELLS;597.0;14
309500;Valentina;Vinnie;COCONUT_COUPON;SEASHELLS;585.0;11
309600;Valentina;Vinnie;COCONUT_COUPON;SEASHELLS;585.0;14
310000;Valentina;Vinnie;COCONUT_COUPON;SEASHELLS;583.0;15
311100;Valentina;Rhianna;COCONUT_COUPON;SEASHELLS;581.0;7
311400;Vinnie;Vinnie;COCONUT;SEASHELLS;9919.0;5
311400;Valentina;Valentina;COCONUT_COUPON;SEASHELLS;579.0;5
311500;Vinnie;Vinnie;COCONUT;SEASHELLS;9917.0;8
312600;Valentina;Vinnie;COCONUT_COUPON;SEASHELLS;576.0;19
313100;Valentina;Vinnie;COCONUT_COUPON;SEASHELLS;576.0;16
313300;Vinnie;Raj;COCONUT;SEASHELLS;9916.0;8
313400;Valentina;Ruby;COCONUT_COUPON;SEASHELLS;578.0;16
313800;Vinnie;Vinnie;COCONUT;SEASHELLS;9916.0;9
314500;Valentina;Vinnie;COCONUT_COUPON;SEASHELLS;583.0;17
315400;Vinnie;Vinnie;COCONUT;SEASHELLS;9912.0;6
315900;Valentina;Vinnie;COCONUT_COUPON;SEASHELLS;587.0;15
317700;Vinnie;Raj;COCONUT;SEASHELLS;9906.0;7
317800;Valentina;Rhianna;COCONUT_COUPON;SEASHELLS;587.0;14
319100;Valentina;Rhianna;COCONUT_COUPON;SEASHELLS;580.0;9
319500;Vinnie;Vinnie;COCONUT;SEASHELLS;9896.0;6
321100;Valentina;Vinnie;COCONUT_COUPON;SEASHELLS;586.0;13
321100;Vinnie;Rhianna;COCONUT;SEASHELLS;9900.0;3
321700;Vinnie;Vinnie;COCONUT;SEASHELLS;9900.0;8
321800;Valentina;Vinnie;COCONUT_COUPON;SEASHELLS;587.0;19
322000;Valentina;Vinnie;COCONUT_COUPON;SEASHELLS;586.0;13
325200;Valentina;Rhianna;COCONUT_COUPON;SEASHELLS;594.0;13
325400;Valentina;Rhianna;COCONUT_COUPON;SEASHELLS;594.0;13
325700;Valentina;Vinnie;COCONUT_COUPON;SEASHELLS;593.0;12
326200;Valentina;Valentina;COCONUT_COUPON;SEASHELLS;590.0;8
327300;Vinnie;Vinnie;COCONUT;SEASHELLS;9893.0;10
328000;Vinnie;Vinnie;COCONUT;SEASHELLS;9898.0;8
329400;Valentina;Vinnie;COCONUT_COUPON;SEASHELLS;600.0;14
329500;Vinnie;Raj;COCONUT;SEASHELLS;9903.0;9
330500;Valentina;Vinnie;COCONUT_COUPON;SEASHELLS;599.0;17
331200;Raj;Vinnie;COCONUT;SEASHELLS;9903.0;5
331200;Rhianna;Vinnie;COCONUT;SEASHELLS;9903.0;2
332300;Valentina;Vinnie;COCONUT_COUPON;SEASHELLS;597.0;12
333700;Valentina;Vinnie;COCONUT_COUPON;SEASHELLS;596.0;20
334500;Valentina;Vinnie;COCONUT_COUPON;SEASHELLS;598.0;20
334900;Vinnie;Vinnie;COCONUT;SEASHELLS;9898.0;8
335100;Rhianna;Vinnie;COCONUT;SEASHELLS;9899.0;1
335100;Ruby;Valentina;COCONUT_COUPON;SEASHELLS;596.0;10
337100;Vinnie;Vinnie;COCONUT;SEASHELLS;9897.0;10
337600;Vinnie;Vinnie;COCONUT;SEASHELLS;9899.0;10
338500;Vinnie;Raj;COCONUT;SEASHELLS;9897.0;8
338600;Vinnie;Vinnie;COCONUT;SEASHELLS;9897.0;9
340000;Valentina;Vinnie;COCONUT_COUPON;SEASHELLS;594.0;15
340000;Vladimir;Vinnie;COCONUT_COUPON;SEASHELLS;594.0;4
340100;Valentina;Ruby;COCONUT_COUPON;SEASHELLS;595.0;20
341900;Vinnie;Vinnie;COCONUT;SEASHELLS;9897.0;7
342300;Valentina;Vinnie;COCONUT_COUPON;SEASHELLS;591.0;12
343000;Valentina;Valentina;COCONUT_COUPON;SEASHELLS;590.0;4
344100;Valentina;Vinnie;COCONUT_COUPON;SEASHELLS;590.0;20
344200;Ruby;Valentina;COCONUT_COUPON;SEASHELLS;591.0;12
344700;Vinnie;Vinnie;COCONUT;SEASHELLS;9897.0;8
345300;Vinnie;Vinnie;COCONUT;SEASHELLS;9894.0;5
345700;Valentina;Rhianna;COCONUT_COUPON;SEASHELLS;592.0;7
346600;Vinnie;Vinnie;COCONUT;SEASHELLS;9893.0;8
348800;Vinnie;Vinnie;COCONUT;SEASHELLS;9891.0;9
349100;Vinnie;Vinnie;COCONUT;SEASHELLS;9888.0;5
349500;Vinnie;Vinnie;COCONUT;SEASHELLS;9890.0;5
350400;Valentina;Vinnie;COCONUT_COUPON;SEASHELLS;592.0;15
350700;Valentina;Valentina;COCONUT_COUPON;SEASHELLS;591.0;4
350700;Valentina;Vinnie;COCONUT_COUPON;SEASHELLS;591.0;17
350800;Valentina;Vinnie;COCONUT_COUPON;SEASHELLS;591.0;13
351400;Valentina;Vinnie;COCONUT_COUPON;SEASHELLS;592.0;11
351700;Valentina;Vinnie;COCONUT_COUPON;SEASHELLS;591.0;16
352200;Valentina;Vinnie;COCONUT_COUPON;SEASHELLS;588.0;15
352900;Vinnie;Vinnie;COCONUT;SEASHELLS;9882.0;6
354200;Ruby;Valentina;COCONUT_COUPON;SEASHELLS;587.0;20
354500;Valentina;Rhianna;COCONUT_COUPON;SEASHELLS;587.0;13
354700;Valentina;Vinnie;COCONUT_COUPON;SEASHELLS;588.0;10
355000;Valentina;Vinnie;COCONUT_COUPON;SEASHELLS;589.0;15
356400;Valentina;Vinnie;COCONUT_COUPON;SEASHELLS;583.0;12
356600;Valentina;Rhianna;COCONUT_COUPON;SEASHELLS;581.0;9
356700;Raj;Vinnie;COCONUT;SEASHELLS;9889.0;6
356800;Valentina;Ruby;COCONUT_COUPON;SEASHELLS;582.0;15
357000;Valentina;Rhianna;COCONUT_COUPON;SEASHELLS;581.0;13
358700;Vinnie;Vinnie;COCONUT;SEASHELLS;9892.0;7
358700;Valentina;Vinnie;COCONUT_COUPON;SEASHELLS;584.0;15
360400;Valentina;Rhianna;COCONUT_COUPON;SEASHELLS;584.0;11
361300;Valentina;Vinnie;COCONUT_COUPON;SEASHELLS;582.0;16
361700;Valentina;Ruby;COCONUT_COUPON;SEASHELLS;579.0;17
361900;Vinnie;Vinnie;COCONUT;SEASHELLS;9892.0;7
362800;Vinnie;Rhianna;COCONUT;SEASHELLS;9885.0;2
363100;Valentina;Ruby;COCONUT_COUPON;SEASHELLS;578.0;15
363700;Valentina;Vinnie;COCONUT_COUPON;SEASHELLS;577.0;15
367000;Valentina;Rhianna;COCONUT_COUPON;SEASHELLS;565.0;10
367100;Raj;Vinnie;COCONUT;SEASHELLS;9881.0;9
368900;Valentina;Vinnie;COCONUT_COUPON;SEASHELLS;563.0;12
369400;Vinnie;Vinnie;COCONUT;SEASHELLS;9873.0;5
369400;Valentina;Rhianna;COCONUT_COUPON;SEASHELLS;563.0;10
369600;Valentina;Ruby;COCONUT_COUPON;SEASHELLS;565.0;13
370400;Vinnie;Vinnie;COCONUT;SEASHELLS;9873.0;5
370900;Vinnie;Vinnie;COCONUT;SEASHELLS;9875.0;5
371200;Vinnie;Vinnie;COCONUT;SEASHELLS;9875.0;7
371800;Valentina;Rhianna;COCONUT_COUPON;SEASHELLS;558.0;9
372200;Ruby;Valentina;COCONUT_COUPON;SEASHELLS;560.0;13
372800;Valentina;Vinnie;COCONUT_COUPON;SEASHELLS;559.0;15
373200;Valentina;Rhianna;COCONUT_COUPON;SEASHELLS;558.0;12
373400;Valentina;Valentina;COCONUT_COUPON;SEASHELLS;558.0;5
373400;Vinnie;Vinnie;COCONUT;SEASHELLS;9869.0;5
374100;Vinnie;Vinnie;COCONUT;SEASHELLS;9866.0;5
374200;Valentina;Vinnie;COCONUT_COUPON;SEASHELLS;559.0;20
374900;Vinnie;Vinnie;COCONUT;SEASHELLS;9867.0;5
375700;Ruby;Valentina;COCONUT_COUPON;SEASHELLS;568.0;10
376500;Valentina;Vinnie;COCONUT_COUPON;SEASHELLS;564.0;19
376500;Valentina;Valentina;COCONUT_COUPON;SEASHELLS;565.0;8
377600;Vinnie;Rhianna;COCONUT;SEASHELLS;9862.0;1
378000;Valentina;Vinnie;COCONUT_COUPON;SEASHELLS;558.0;19
379300;Vinnie;Vinnie;COCONUT;SEASHELLS;9863.0;7
380700;Vinnie;Vinnie;COCONUT;SEASHELLS;9865.0;9
381300;Valentina;Vinnie;COCONUT_COUPON;SEASHELLS;557.0;18
382000;Vinnie;Vinnie;COCONUT;SEASHELLS;9871.0;9
382300;Vinnie;Vinnie;COCONUT;SEASHELLS;9871.0;10
382500;Valentina;Vinnie;COCONUT_COUPON;SEASHELLS;558.0;17
382700;Raj;Vinnie;COCONUT;SEASHELLS;9876.0;10
383100;Vinnie;Vinnie;COCONUT;SEASHELLS;9874.0;8
383900;Valentina;Ruby;COCONUT_COUPON;SEASHELLS;565.0;19
384300;Valentina;Vinnie;COCONUT_COUPON;SEASHELLS;564.0;16
384400;Valentina;Rhianna;COCONUT_COUPON;SEASHELLS;564.0;6
386300;Valentina;Valentina;COCONUT_COUPON;SEASHELLS;573.0;9
386300;Vinnie;Vinnie;COCONUT;SEASHELLS;9877.0;8
387100;Valentina;Vinnie;COCONUT_COUPON;SEASHELLS;575.0;16
387100;Vladimir;Vinnie;COCONUT_COUPON;SEASHELLS;575.0;1
387300;Vinnie;Vinnie;COCONUT;SEASHELLS;9876.0;7
388400;Vinnie;Raj;COCONUT;SEASHELLS;9876.0;7
388700;Valentina;Vinnie;COCONUT_COUPON;SEASHELLS;575.0;18
389500;Valentina;Vinnie;COCONUT_COUPON;SEASHELLS;577.0;16
390200;Valentina;Ruby;COCONUT_COUPON;SEASHELLS;576.0;19
391200;Ruby;Vladimir;COCONUT_COUPON;SEASHELLS;577.0;3
391200;Ruby;Valentina;COCONUT_COUPON;SEASHELLS;577.0;16
393300;Valentina;Vinnie;COCONUT_COUPON;SEASHELLS;572.0;18
393600;Vinnie;Raj;COCONUT;SEASHELLS;9887.0;7
394600;Valentina;Vinnie;COCONUT_COUPON;SEASHELLS;569.0;14
395100;Valentina;Ruby;COCONUT_COUPON;SEASHELLS;569.0;15
395100;Vladimir;Ruby;COCONUT_COUPON;SEASHELLS;569.0;5
395500;Valentina;Vinnie;COCONUT_COUPON;SEASHELLS;572.0;17
395700;Vinnie;Vinnie;COCONUT;SEASHELLS;9886.0;5
396300;Rhianna;Vinnie;COCONUT;SEASHELLS;9883.0;1
397200;Valentina;Rhianna;COCONUT_COUPON;SEASHELLS;570.0;7
397500;Valentina;Vinnie;COCONUT_COUPON;SEASHELLS;570.0;18
397800;Valentina;Vinnie;COCONUT_COUPON;SEASHELLS;569.0;19
398500;Vinnie;Vinnie;COCONUT;SEASHELLS;9881.0;7
399400;Rhianna;Vinnie;COCONUT;SEASHELLS;9884.0;2
400800;Valentina;Rhianna;COCONUT_COUPON;SEASHELLS;573.0;13
400900;Rhianna;Vladimir;COCONUT_COUPON;SEASHELLS;572.0;10
401200;Vinnie;Vinnie;COCONUT;SEASHELLS;9886.0;9
402000;Valentina;Rhianna;COCONUT_COUPON;SEASHELLS;567.0;8
402700;Valentina;Ruby;COCONUT_COUPON;SEASHELLS;567.0;17
402700;Vladimir;Ruby;COCONUT_COUPON;SEASHELLS;567.0;1
404700;Ruby;Valentina;COCONUT_COUPON;SEASHELLS;569.0;14
404900;Valentina;Vinnie;COCONUT_COUPON;SEASHELLS;569.0;20
405400;Valentina;Vinnie;COCONUT_COUPON;SEASHELLS;568.0;10
406100;Vinnie;Rhianna;COCONUT;SEASHELLS;9896.0;1
406100;Valentina;Vinnie;COCONUT_COUPON;SEASHELLS;566.0;11
406200;Valentina;Valentina;COCONUT_COUPON;SEASHELLS;565.0;5
407300;Valentina;Ruby;COCONUT_COUPON;SEASHELLS;569.0;10
407500;Valentina;Valentina;COCONUT_COUPON;SEASHELLS;569.0;6
407700;Valentina;Ruby;COCONUT_COUPON;SEASHELLS;570.0;13
407800;Vinnie;Vinnie;COCONUT;SEASHELLS;9894.0;9
407800;Valentina;Valentina;COCONUT_COUPON;SEASHELLS;570.0;8
407900;Valentina;Vinnie;COCONUT_COUPON;SEASHELLS;571.0;17
408100;Valentina;Vinnie;COCONUT_COUPON;SEASHELLS;573.0;19
409000;Valentina;Ruby;COCONUT_COUPON;SEASHELLS;572.0;12
409300;Vinnie;Vinnie;COCONUT;SEASHELLS;9895.0;8
409400;Valentina;Vinnie;COCONUT_COUPON;SEASHELLS;571.0;19
410100;Valentina;Vinnie;COCONUT_COUPON;SEASHELLS;574.0;19
412000;Vinnie;Vinnie;COCONUT;SEASHELLS;9897.0;5
412200;Valentina;Vinnie;COCONUT_COUPON;SEASHELLS;580.0;18
412300;Vinnie;Vinnie;COCONUT;SEASHELLS;9897.0;10
412500;Vinnie;Vinnie;COCONUT;SEASHELLS;9896.0;10
413400;Ruby;Valentina;COCONUT_COUPON;SEASHELLS;579.0;14
414300;Valentina;Rhianna;COCONUT_COUPON;SEASHELLS;577.0;5
414400;Vinnie;Vinnie;COCONUT;SEASHELLS;9892.0;9
416100;Valentina;Valentina;COCONUT_COUPON;SEASHELLS;578.0;6
417300;Vinnie;Vinnie;COCONUT;SEASHELLS;9897.0;9
418800;Valentina;Valentina;COCONUT_COUPON;SEASHELLS;580.0;5
419700;Vinnie;Vinnie;COCONUT;SEASHELLS;9893.0;5
419700;Valentina;Vinnie;COCONUT_COUPON;SEASHELLS;584.0;17
419800;Valentina;Vinnie;COCONUT_COUPON;SEASHELLS;584.0;16
420200;Valentina;Valentina;COCONUT_COUPON;SEASHELLS;582.0;9
420300;Vinnie;Vinnie;COCONUT;SEASHELLS;9899.0;9
421300;Valentina;Vinnie;COCONUT_COUPON;SEASHELLS;582.0;17
421700;Ruby;Valentina;COCONUT_COUPON;SEASHELLS;587.0;19
424000;Vinnie;Vinnie;COCONUT;SEASHELLS;9891.0;7
424400;Valentina;Vinnie;COCONUT_COUPON;SEASHELLS;583.0;16
425200;Valentina;Rhianna;COCONUT_COUPON;SEASHELLS;582.0;10
425800;Vinnie;Vinnie;COCONUT;SEASHELLS;9894.0;9
425900;Valentina;Vinnie;COCONUT_COUPON;SEASHELLS;582.0;11
427400;Vinnie;Vinnie;COCONUT;SEASHELLS;9898.0;7
428000;Valentina;Ruby;COCONUT_COUPON;SEASHELLS;583.0;15
428600;Vinnie;Rhianna;COCONUT;SEASHELLS;9898.0;1
429800;Vinnie;Vinnie;COCONUT;SEASHELLS;9892.0;7
430100;Vinnie;Raj;COCONUT;SEASHELLS;9895.0;8
430900;Valentina;Vinnie;COCONUT_COUPON;SEASHELLS;577.0;17
430900;Vladimir;Vinnie;COCONUT_COUPON;SEASHELLS;577.0;2
430900;Ruby;Valentina;COCONUT_COUPON;SEASHELLS;578.0;11
432700;Valentina;Vinnie;COCONUT_COUPON;SEASHELLS;579.0;16
433100;Ruby;Valentina;COCONUT_COUPON;SEASHELLS;580.0;15
433500;Valentina;Vinnie;COCONUT_COUPON;SEASHELLS;582.0;20
434400;Valentina;Vinnie;COCONUT_COUPON;SEASHELLS;580.0;13
434800;Vinnie;Vinnie;COCONUT;SEASHELLS;9892.0;10
435600;Valentina;Vinnie;COCONUT_COUPON;SEASHELLS;588.0;18
437200;Valentina;Rhianna;COCONUT_COUPON;SEASHELLS;583.0;15
437500;Vinnie;Raj;COCONUT;SEASHELLS;9884.0;8
437600;Vinnie;Vinnie;COCONUT;SEASHELLS;9883.0;5
438500;Valentina;Ruby;COCONUT_COUPON;SEASHELLS;584.0;18
439300;Vinnie;Vinnie;COCONUT;SEASHELLS;9882.0;8
439400;Vinnie;Vinnie;COCONUT;SEASHELLS;9882.0;5
439600;Valentina;Rhianna;COCONUT_COUPON;SEASHELLS;583.0;7
439700;Vinnie;Vinnie;COCONUT;SEASHELLS;9883.0;5
439900;Valentina;Ruby;COCONUT_COUPON;SEASHELLS;581.0;17
440600;Valentina;Vinnie;COCONUT_COUPON;SEASHELLS;581.0;10
441100;Valentina;Vinnie;COCONUT_COUPON;SEASHELLS;580.0;16
442100;Valentina;Vinnie;COCONUT_COUPON;SEASHELLS;579.0;17
443500;Valentina;Rhianna;COCONUT_COUPON;SEASHELLS;582.0;7
444200;Valentina;Vinnie;COCONUT_COUPON;SEASHELLS;579.0;16
445100;Valentina;Ruby;COCONUT_COUPON;SEASHELLS;580.0;17
445600;Ruby;Valentina;COCONUT_COUPON;SEASHELLS;580.0;18
446400;Vinnie;Vinnie;COCONUT;SEASHELLS;9882.0;10
446600;Valentina;Rhianna;COCONUT_COUPON;SEASHELLS;580.0;11
447300;Ruby;Valentina;COCONUT_COUPON;SEASHELLS;574.0;18
447700;Vladimir;Vinnie;COCONUT_COUPON;SEASHELLS;574.0;15
448000;Valentina;Valentina;COCONUT_COUPON;SEASHELLS;573.0;7
448100;Valentina;Rhianna;COCONUT_COUPON;SEASHELLS;573.0;9
448500;Valentina;Rhianna;COCONUT_COUPON;SEASHELLS;575.0;6
448900;Ruby;Valentina;COCONUT_COUPON;SEASHELLS;576.0;12
448900;Vinnie;Vinnie;COCONUT;SEASHELLS;9873.0;7
450600;Rhianna;Vinnie;COCONUT;SEASHELLS;9870.0;3
453000;Vinnie;Rhianna;COCONUT;SEASHELLS;9873.0;1
455200;Vinnie;Vinnie;COCONUT;SEASHELLS;9876.0;7
455600;Vladimir;Vinnie;COCONUT_COUPON;SEASHELLS;568.0;1
455600;Valentina;Vinnie;COCONUT_COUPON;SEASHELLS;568.0;19
456000;Valentina;Vinnie;COCONUT_COUPON;SEASHELLS;567.0;18
457700;Valentina;Rhianna;COCONUT_COUPON;SEASHELLS;564.0;9
458100;Valentina;Ruby;COCONUT_COUPON;SEASHELLS;567.0;16
458100;Vinnie;Vinnie;COCONUT;SEASHELLS;9874.0;9
458400;Vinnie;Vinnie;COCONUT;SEASHELLS;9875.0;7
458400;Valentina;Vinnie;COCONUT_COUPON;SEASHELLS;570.0;16
458600;Vinnie;Vinnie;COCONUT;SEASHELLS;9873.0;7
459300;Valentina;Vinnie;COCONUT_COUPON;SEASHELLS;563.0;18
459900;Vinnie;Vinnie;COCONUT;SEASHELLS;9869.0;5
460100;Vinnie;Vinnie;COCONUT;SEASHELLS;9869.0;5
461400;Vinnie;Vinnie;COCONUT;SEASHELLS;9868.0;6
462700;Valentina;Valentina;COCONUT_COUPON;SEASHELLS;568.0;8
463200;Vinnie;Vinnie;COCONUT;SEASHELLS;9867.0;6
463900;Valentina;Vinnie;COCONUT_COUPON;SEASHELLS;567.0;17
464200;Ruby;Valentina;COCONUT_COUPON;SEASHELLS;569.0;13
464300;Raj;Vinnie;COCONUT;SEASHELLS;9865.0;5
465200;Valentina;Rhianna;COCONUT_COUPON;SEASHELLS;574.0;5
466300;Valentina;Vinnie;COCONUT_COUPON;SEASHELLS;574.0;16
467300;Valentina;Ruby;COCONUT_COUPON;SEASHELLS;573.0;11
467600;Valentina;Vinnie;COCONUT_COUPON;SEASHELLS;573.0;14
468300;Valentina;Vinnie;COCONUT_COUPON;SEASHELLS;574.0;13
468800;Valentina;Vinnie;COCONUT_COUPON;SEASHELLS;576.0;18
469000;Valentina;Vinnie;COCONUT_COUPON;SEASHELLS;579.0;13
469100;Vinnie;Raj;COCONUT;SEASHELLS;9874.0;8
469800;Ruby;Valentina;COCONUT_COUPON;SEASHELLS;585.0;14
470200;Vinnie;Vinnie;COCONUT;SEASHELLS;9871.0;9
470500;Vinnie;Vinnie;COCONUT;SEASHELLS;9870.0;9
471100;Valentina;Rhianna;COCONUT_COUPON;SEASHELLS;581.0;5
471200;Vinnie;Vinnie;COCONUT;SEASHELLS;9872.0;10
471700;Vinnie;Rhianna;COCONUT;SEASHELLS;9875.0;1
472000;Valentina;Valentina;COCONUT_COUPON;SEASHELLS;584.0;10
472200;Valentina;Vinnie;COCONUT_COUPON;SEASHELLS;583.0;13
472700;Vladimir;Rhianna;COCONUT_COUPON;SEASHELLS;581.0;5
472700;Valentina;Rhianna;COCONUT_COUPON;SEASHELLS;581.0;5
472700;Valentina;Vinnie;COCONUT_COUPON;SEASHELLS;581.0;20
473200;Vinnie;Vinnie;COCONUT;SEASHELLS;9871.0;8
474600;Valentina;Ruby;COCONUT_COUPON;SEASHELLS;579.0;18
474800;Valentina;Vinnie;COCONUT_COUPON;SEASHELLS;578.0;19
475400;Valentina;Rhianna;COCONUT_COUPON;SEASHELLS;577.0;6
475600;Valentina;Ruby;COCONUT_COUPON;SEASHELLS;576.0;18
475700;Vinnie;Vinnie;COCONUT;SEASHELLS;9868.0;5
476100;Vinnie;Vinnie;COCONUT;SEASHELLS;9872.0;8
477200;Ruby;Valentina;COCONUT_COUPON;SEASHELLS;592.0;11
478700;Vinnie;Vinnie;COCONUT;SEASHELLS;9879.0;7
479000;Valentina;Vinnie;COCONUT_COUPON;SEASHELLS;596.0;12
479600;Vinnie;Vinnie;COCONUT;SEASHELLS;9878.0;8
479900;Valentina;Vinnie;COCONUT_COUPON;SEASHELLS;592.0;17
480100;Valentina;Vinnie;COCONUT_COUPON;SEASHELLS;591.0;12
480100;Vinnie;Raj;COCONUT;SEASHELLS;9878.0;8
480200;Vinnie;Rhianna;COCONUT;SEASHELLS;9876.0;1
480400;Valentina;Rhianna;COCONUT_COUPON;SEASHELLS;590.0;5
480900;Vinnie;Vinnie;COCONUT;SEASHELLS;9877.0;6
481200;Vinnie;Raj;COCONUT;SEASHELLS;9877.0;10
481400;Valentina;Vinnie;COCONUT_COUPON;SEASHELLS;593.0;13
481700;Valentina;Vinnie;COCONUT_COUPON;SEASHELLS;591.0;17
481900;Rhianna;Vinnie;COCONUT;SEASHELLS;9874.0;2
482200;Vinnie;Vinnie;COCONUT;SEASHELLS;9873.0;5
482300;Raj;Vinnie;COCONUT;SEASHELLS;9874.0;9
482300;Vinnie;Vinnie;COCONUT;SEASHELLS;9873.0;9
482600;Valentina;Vinnie;COCONUT_COUPON;SEASHELLS;586.0;19
482800;Valentina;Ruby;COCONUT_COUPON;SEASHELLS;583.0;14
483900;Vinnie;Vinnie;COCONUT;SEASHELLS;9874.0;10
484500;Valentina;Vinnie;COCONUT_COUPON;SEASHELLS;590.0;20
484500;Vladimir;Ruby;COCONUT_COUPON;SEASHELLS;590.0;10
484500;Valentina;Ruby;COCONUT_COUPON;SEASHELLS;590.0;7
484800;Valentina;Vinnie;COCONUT_COUPON;SEASHELLS;590.0;16
485300;Valentina;Rhianna;COCONUT_COUPON;SEASHELLS;587.0;15
485500;Valentina;Vinnie;COCONUT_COUPON;SEASHELLS;583.0;12
485900;Ruby;Valentina;COCONUT_COUPON;SEASHELLS;586.0;18
486200;Vinnie;Vinnie;COCONUT;SEASHELLS;9878.0;10
487200;Vinnie;Vinnie;COCONUT;SEASHELLS;9876.0;8
487200;Vinnie;Raj;COCONUT;SEASHELLS;9876.0;8
488200;Vinnie;Vinnie;COCONUT;SEASHELLS;9875.0;6
488700;Valentina;Ruby;COCONUT_COUPON;SEASHELLS;582.0;11
488900;Raj;Vinnie;COCONUT;SEASHELLS;9874.0;9
490300;Vinnie;Raj;COCONUT;SEASHELLS;9872.0;7
492000;Valentina;Rhianna;COCONUT_COUPON;SEASHELLS;569.0;9
493800;Ruby;Vinnie;COCONUT_COUPON;SEASHELLS;568.0;1
493800;Ruby;Vladimir;COCONUT_COUPON;SEASHELLS;568.0;19
495100;Ruby;Valentina;COCONUT_COUPON;SEASHELLS;566.0;13
495700;Vinnie;Vinnie;COCONUT;SEASHELLS;9876.0;6
496600;Valentina;Vinnie;COCONUT_COUPON;SEASHELLS;567.0;16
497000;Rhianna;Vinnie;COCONUT;SEASHELLS;9880.0;1
497000;Vinnie;Vinnie;COCONUT;SEASHELLS;9879.0;10
497100;Valentina;Vinnie;COCONUT_COUPON;SEASHELLS;565.0;15
497300;Vinnie;Vinnie;COCONUT;SEASHELLS;9873.0;10
498500;Ruby;Valentina;COCONUT_COUPON;SEASHELLS;559.0;14
498900;Ruby;Valentina;COCONUT_COUPON;SEASHELLS;558.0;12
499500;Valentina;Vinnie;COCONUT_COUPON;SEASHELLS;556.0;19
501000;Valentina;Ruby;COCONUT_COUPON;SEASHELLS;559.0;18
501100;Valentina;Vinnie;COCONUT_COUPON;SEASHELLS;561.0;16
501500;Rhianna;Vinnie;COCONUT;SEASHELLS;9866.0;2
502800;Valentina;Valentina;COCONUT_COUPON;SEASHELLS;562.0;10
502800;Valentina;Vinnie;COCONUT_COUPON;SEASHELLS;562.0;15
503100;Vladimir;Vinnie;COCONUT_COUPON;SEASHELLS;559.0;2
503100;Valentina;Vinnie;COCONUT_COUPON;SEASHELLS;559.0;16
504200;Valentina;Rhianna;COCONUT_COUPON;SEASHELLS;561.0;14
505800;Vinnie;Raj;COCONUT;SEASHELLS;9869.0;5
506000;Vinnie;Vinnie;COCONUT;SEASHELLS;9870.0;6
506400;Vladimir;Vinnie;COCONUT_COUPON;SEASHELLS;565.0;5
506400;Valentina;Vinnie;COCONUT_COUPON;SEASHELLS;565.0;15
507400;Vinnie;Vinnie;COCONUT;SEASHELLS;9871.0;5
508200;Vinnie;Vinnie;COCONUT;SEASHELLS;9869.0;8
508300;Valentina;Ruby;COCONUT_COUPON;SEASHELLS;571.0;17
508600;Valentina;Vinnie;COCONUT_COUPON;SEASHELLS;572.0;17
508800;Valentina;Vinnie;COCONUT_COUPON;SEASHELLS;572.0;17
510300;Ruby;Valentina;COCONUT_COUPON;SEASHELLS;576.0;20
510400;Valentina;Vinnie;COCONUT_COUPON;SEASHELLS;574.0;15
510500;Ruby;Valentina;COCONUT_COUPON;SEASHELLS;576.0;17
511200;Rhianna;Vinnie;COCONUT;SEASHELLS;9876.0;3
512200;Vinnie;Rhianna;COCONUT;SEASHELLS;9868.0;1
512400;Vinnie;Vinnie;COCONUT;SEASHELLS;9870.0;10
513000;Valentina;Vinnie;COCONUT_COUPON;SEASHELLS;578.0;10
514500;Vinnie;Rhianna;COCONUT;SEASHELLS;9876.0;2
514600;Raj;Vinnie;COCONUT;SEASHELLS;9878.0;9
515400;Valentina;Vinnie;COCONUT_COUPON;SEASHELLS;579.0;13
517800;Valentina;Rhianna;COCONUT_COUPON;SEASHELLS;578.0;6
518300;Ruby;Valentina;COCONUT_COUPON;SEASHELLS;575.0;14
518400;Valentina;Valentina;COCONUT_COUPON;SEASHELLS;572.0;6
518600;Vinnie;Vinnie;COCONUT;SEASHELLS;9877.0;5
519400;Valentina;Rhianna;COCONUT_COUPON;SEASHELLS;569.0;5
519700;Ruby;Valentina;COCONUT_COUPON;SEASHELLS;573.0;16
519800;Valentina;Vinnie;COCONUT_COUPON;SEASHELLS;573.0;11
520000;Raj;Vinnie;COCONUT;SEASHELLS;9883.0;7
521900;Ruby;Valentina;COCONUT_COUPON;SEASHELLS;577.0;12
523000;Valentina;Ruby;COCONUT_COUPON;SEASHELLS;572.0;20
523100;Vinnie;Vinnie;COCONUT;SEASHELLS;9879.0;8
523400;Vladimir;Ruby;COCONUT_COUPON;SEASHELLS;572.0;12
523400;Valentina;Ruby;COCONUT_COUPON;SEASHELLS;572.0;6
523400;Valentina;Rhianna;COCONUT_COUPON;SEASHELLS;572.0;13
524800;Vinnie;Vinnie;COCONUT;SEASHELLS;9878.0;6
526000;Valentina;Rhianna;COCONUT_COUPON;SEASHELLS;572.0;9
526300;Vinnie;Vinnie;COCONUT;SEASHELLS;9877.0;7
526600;Valentina;Rhianna;COCONUT_COUPON;SEASHELLS;572.0;8
526600;Vinnie;Vinnie;COCONUT;SEASHELLS;9878.0;8
526800;Valentina;Vinnie;COCONUT_COUPON;SEASHELLS;573.0;17
527900;Valentina;Vinnie;COCONUT_COUPON;SEASHELLS;575.0;10
529500;Valentina;Vinnie;COCONUT_COUPON;SEASHELLS;572.0;16
529900;Vinnie;Vinnie;COCONUT;SEASHELLS;9871.0;7
530400;Valentina;Vinnie;COCONUT_COUPON;SEASHELLS;570.0;12
531600;Valentina;Vinnie;COCONUT_COUPON;SEASHELLS;572.0;17
531700;Vinnie;Vinnie;COCONUT;SEASHELLS;9869.0;8
531800;Valentina;Valentina;COCONUT_COUPON;SEASHELLS;572.0;5
532600;Ruby;Vladimir;COCONUT_COUPON;SEASHELLS;571.0;2
532600;Ruby;Valentina;COCONUT_COUPON;SEASHELLS;571.0;17
533000;Valentina;Vinnie;COCONUT_COUPON;SEASHELLS;573.0;15
533000;Vladimir;Vinnie;COCONUT_COUPON;SEASHELLS;573.0;4
533500;Vinnie;Vinnie;COCONUT;SEASHELLS;9878.0;8
534600;Rhianna;Vinnie;COCONUT;SEASHELLS;9881.0;2
534900;Valentina;Vinnie;COCONUT_COUPON;SEASHELLS;566.0;20
535200;Vladimir;Vinnie;COCONUT_COUPON;SEASHELLS;564.0;4
535200;Valentina;Vinnie;COCONUT_COUPON;SEASHELLS;564.0;15
535300;Valentina;Vinnie;COCONUT_COUPON;SEASHELLS;564.0;12
536000;Valentina;Valentina;COCONUT_COUPON;SEASHELLS;567.0;9
536100;Vinnie;Vinnie;COCONUT;SEASHELLS;9873.0;5
537100;Valentina;Valentina;COCONUT_COUPON;SEASHELLS;569.0;10
537600;Valentina;Vinnie;COCONUT_COUPON;SEASHELLS;571.0;13
537800;Vinnie;Raj;COCONUT;SEASHELLS;9867.0;7
538200;Valentina;Vinnie;COCONUT_COUPON;SEASHELLS;569.0;13
538500;Valentina;Vinnie;COCONUT_COUPON;SEASHELLS;570.0;17
538800;Valentina;Vinnie;COCONUT_COUPON;SEASHELLS;571.0;20
539400;Vinnie;Vinnie;COCONUT;SEASHELLS;9868.0;9
541600;Vinnie;Vinnie;COCONUT;SEASHELLS;9854.0;9
542000;Rhianna;Vinnie;COCONUT;SEASHELLS;9853.0;3
542900;Valentina;Ruby;COCONUT_COUPON;SEASHELLS;560.0;20
543300;Vladimir;Vinnie;COCONUT_COUPON;SEASHELLS;561.0;4
543300;Valentina;Vinnie;COCONUT_COUPON;SEASHELLS;561.0;16
543500;Valentina;Vinnie;COCONUT_COUPON;SEASHELLS;561.0;15
543500;Vladimir;Vinnie;COCONUT_COUPON;SEASHELLS;561.0;3
545000;Valentina;Rhianna;COCONUT_COUPON;SEASHELLS;566.0;10
545500;Vinnie;Vinnie;COCONUT;SEASHELLS;9848.0;5
545900;Ruby;Valentina;COCONUT_COUPON;SEASHELLS;568.0;14
546100;Valentina;Vinnie;COCONUT_COUPON;SEASHELLS;567.0;19
547200;Valentina;Vinnie;COCONUT_COUPON;SEASHELLS;566.0;20
547900;Valentina;Vinnie;COCONUT_COUPON;SEASHELLS;564.0;18
548400;Valentina;Vinnie;COCONUT_COUPON;SEASHELLS;564.0;13
549200;Valentina;Vinnie;COCONUT_COUPON;SEASHELLS;563.0;14
549400;Valentina;Vinnie;COCONUT_COUPON;SEASHELLS;564.0;18
550200;Vinnie;Rhianna;COCONUT;SEASHELLS;9842.0;2
550300;Vinnie;Vinnie;COCONUT;SEASHELLS;9843.0;9
554500;Vinnie;Vinnie;COCONUT;SEASHELLS;9846.0;6
555300;Valentina;Vinnie;COCONUT_COUPON;SEASHELLS;565.0;17
556300;Vinnie;Vinnie;COCONUT;SEASHELLS;9844.0;7
557600;Valentina;Ruby;COCONUT_COUPON;SEASHELLS;560.0;16
559900;Valentina;Vinnie;COCONUT_COUPON;SEASHELLS;556.0;12
560500;Valentina;Vinnie;COCONUT_COUPON;SEASHELLS;550.0;15
560800;Valentina;Vinnie;COCONUT_COUPON;SEASHELLS;549.0;18
561800;Valentina;Valentina;COCONUT_COUPON;SEASHELLS;552.0;6
562300;Vinnie;Vinnie;COCONUT;SEASHELLS;9834.0;8
563000;Valentina;Vinnie;COCONUT_COUPON;SEASHELLS;550.0;20
563200;Vinnie;Vinnie;COCONUT;SEASHELLS;9832.0;5
564500;Ruby;Valentina;COCONUT_COUPON;SEASHELLS;553.0;12
564900;Valentina;Rhianna;COCONUT_COUPON;SEASHELLS;553.0;13
565000;Vinnie;Vinnie;COCONUT;SEASHELLS;9830.0;10
565500;Valentina;Vinnie;COCONUT_COUPON;SEASHELLS;553.0;18
565800;Vinnie;Vinnie;COCONUT;SEASHELLS;9830.0;8
566400;Valentina;Valentina;COCONUT_COUPON;SEASHELLS;547.0;4
566400;Vinnie;Raj;COCONUT;SEASHELLS;9828.0;5
567700;Rhianna;Vinnie;COCONUT;SEASHELLS;9828.0;2
568800;Valentina;Vinnie;COCONUT_COUPON;SEASHELLS;539.0;14
569700;Valentina;Vinnie;COCONUT_COUPON;SEASHELLS;539.0;19
569800;Vinnie;Vinnie;COCONUT;SEASHELLS;9823.0;10
570200;Vinnie;Vinnie;COCONUT;SEASHELLS;9826.0;6
570800;Ruby;Valentina;COCONUT_COUPON;SEASHELLS;533.0;13
570900;Valentina;Ruby;COCONUT_COUPON;SEASHELLS;531.0;15
571000;Valentina;Vinnie;COCONUT_COUPON;SEASHELLS;531.0;17
571100;Valentina;Rhianna;COCONUT_COUPON;SEASHELLS;531.0;7
572000;Valentina;Rhianna;COCONUT_COUPON;SEASHELLS;536.0;11
573600;Vinnie;Rhianna;COCONUT;SEASHELLS;9814.0;1
574500;Vinnie;Vinnie;COCONUT;SEASHELLS;9813.0;10
574700;Valentina;Vinnie;COCONUT_COUPON;SEASHELLS;538.0;11
575000;Vinnie;Vinnie;COCONUT;SEASHELLS;9811.0;5
575500;Valentina;Vinnie;COCONUT_COUPON;SEASHELLS;538.0;18
575600;Valentina;Vinnie;COCONUT_COUPON;SEASHELLS;538.0;10
576200;Vinnie;Vinnie;COCONUT;SEASHELLS;9813.0;6
576900;Vinnie;Vinnie;COCONUT;SEASHELLS;9815.0;7
577000;Valentina;Ruby;COCONUT_COUPON;SEASHELLS;535.0;15
577300;Vladimir;Ruby;COCONUT_COUPON;SEASHELLS;536.0;2
577300;Valentina;Ruby;COCONUT_COUPON;SEASHELLS;536.0;16
577900;Valentina;Vinnie;COCONUT_COUPON;SEASHELLS;536.0;10
579800;Ruby;Valentina;COCONUT_COUPON;SEASHELLS;533.0;10
580200;Raj;Vinnie;COCONUT;SEASHELLS;9811.0;7
580300;Valentina;Vinnie;COCONUT_COUPON;SEASHELLS;531.0;20
580400;Vinnie;Rhianna;COCONUT;SEASHELLS;9810.0;3
580800;Vinnie;Vinnie;COCONUT;SEASHELLS;9815.0;10
580800;Valentina;Ruby;COCONUT_COUPON;SEASHELLS;536.0;20
581000;Vinnie;Vinnie;COCONUT;SEASHELLS;9815.0;5
581600;Valentina;Vinnie;COCONUT_COUPON;SEASHELLS;537.0;12
581600;Vinnie;Vinnie;COCONUT;SEASHELLS;9816.0;6
581800;Vinnie;Vinnie;COCONUT;SEASHELLS;9816.0;9
582000;Vinnie;Vinnie;COCONUT;SEASHELLS;9817.0;10
583400;Valentina;Vinnie;COCONUT_COUPON;SEASHELLS;540.0;11
583700;Vinnie;Vinnie;COCONUT;SEASHELLS;9818.0;7
585200;Vinnie;Vinnie;COCONUT;SEASHELLS;9827.0;8
586100;Vinnie;Rhianna;COCONUT;SEASHELLS;9824.0;3
586600;Raj;Vinnie;COCONUT;SEASHELLS;9828.0;7
587100;Valentina;Vinnie;COCONUT_COUPON;SEASHELLS;544.0;17
587200;Valentina;Vinnie;COCONUT_COUPON;SEASHELLS;545.0;12
588000;Valentina;Ruby;COCONUT_COUPON;SEASHELLS;550.0;10
588600;Rhianna;Vinnie;COCONUT;SEASHELLS;9828.0;2
588700;Vinnie;Raj;COCONUT;SEASHELLS;9827.0;7
588700;Vinnie;Vinnie;COCONUT;SEASHELLS;9827.0;6
589100;Valentina;Vinnie;COCONUT_COUPON;SEASHELLS;556.0;11
589500;Vinnie;Raj;COCONUT;SEASHELLS;9824.0;10
589500;Valentina;Vinnie;COCONUT_COUPON;SEASHELLS;557.0;16
590600;Valentina;Ruby;COCONUT_COUPON;SEASHELLS;566.0;13
591400;Raj;Vinnie;COCONUT;SEASHELLS;9834.0;5
592600;Valentina;Rhianna;COCONUT_COUPON;SEASHELLS;571.0;12
593000;Vladimir;Valentina;COCONUT_COUPON;SEASHELLS;570.0;4
593500;Vinnie;Vinnie;COCONUT;SEASHELLS;9838.0;7
593800;Vinnie;Vinnie;COCONUT;SEASHELLS;9836.0;6
595100;Vladimir;Vinnie;COCONUT_COUPON;SEASHELLS;569.0;1
595100;Valentina;Vinnie;COCONUT_COUPON;SEASHELLS;569.0;17
596600;Valentina;Rhianna;COCONUT_COUPON;SEASHELLS;565.0;11
596700;Valentina;Vinnie;COCONUT_COUPON;SEASHELLS;564.0;14
596900;Vinnie;Raj;COCONUT;SEASHELLS;9839.0;9
597400;Vinnie;Rhianna;COCONUT;SEASHELLS;9841.0;2
597400;Valentina;Vinnie;COCONUT_COUPON;SEASHELLS;563.0;14
597900;Vinnie;Vinnie;COCONUT;SEASHELLS;9842.0;6
598100;Valentina;Valentina;COCONUT_COUPON;SEASHELLS;567.0;9
600400;Valentina;Rhianna;COCONUT_COUPON;SEASHELLS;571.0;11
600400;Vinnie;Vinnie;COCONUT;SEASHELLS;9848.0;10
600700;Vinnie;Vinnie;COCONUT;SEASHELLS;9846.0;9
600900;Vinnie;Vinnie;COCONUT;SEASHELLS;9845.0;6
601100;Vinnie;Vinnie;COCONUT;SEASHELLS;9846.0;7
602300;Valentina;Valentina;COCONUT_COUPON;SEASHELLS;567.0;6
602700;Valentina;Vinnie;COCONUT_COUPON;SEASHELLS;568.0;11
603100;Vinnie;Raj;COCONUT;SEASHELLS;9837.0;7
604900;Ruby;Valentina;COCONUT_COUPON;SEASHELLS;569.0;12
606300;Valentina;Ruby;COCONUT_COUPON;SEASHELLS;565.0;4
606300;Vladimir;Ruby;COCONUT_COUPON;SEASHELLS;565.0;12
606300;Valentina;Vinnie;COCONUT_COUPON;SEASHELLS;565.0;17
606400;Vinnie;Vinnie;COCONUT;SEASHELLS;9834.0;7
607300;Vinnie;Vinnie;COCONUT;SEASHELLS;9831.0;8
607400;Rhianna;Vinnie;COCONUT;SEASHELLS;9833.0;2
607400;Valentina;Rhianna;COCONUT_COUPON;SEASHELLS;566.0;7
607800;Vinnie;Vinnie;COCONUT;SEASHELLS;9834.0;8
607900;Vinnie;Vinnie;COCONUT;SEASHELLS;9834.0;7
608000;Valentina;Vinnie;COCONUT_COUPON;SEASHELLS;569.0;11
609600;Valentina;Vinnie;COCONUT_COUPON;SEASHELLS;564.0;10
610300;Valentina;Vinnie;COCONUT_COUPON;SEASHELLS;559.0;14
610600;Vinnie;Vinnie;COCONUT;SEASHELLS;9827.0;5
610800;Vladimir;Vinnie;COCONUT_COUPON;SEASHELLS;558.0;1
610800;Vladimir;Valentina;COCONUT_COUPON;SEASHELLS;558.0;8
610800;Valentina;Valentina;COCONUT_COUPON;SEASHELLS;558.0;0
610800;Valentina;Vinnie;COCONUT_COUPON;SEASHELLS;558.0;17
610900;Vinnie;Vinnie;COCONUT;SEASHELLS;9827.0;6
611200;Rhianna;Vinnie;COCONUT;SEASHELLS;9829.0;2
611700;Valentina;Rhianna;COCONUT_COUPON;SEASHELLS;551.0;11
611800;Raj;Vinnie;COCONUT;SEASHELLS;9830.0;10
612600;Vinnie;Vinnie;COCONUT;SEASHELLS;9826.0;9
612900;Valentina;Vinnie;COCONUT_COUPON;SEASHELLS;552.0;19
613200;Valentina;Valentina;COCONUT_COUPON;SEASHELLS;553.0;7
613200;Raj;Vinnie;COCONUT;SEASHELLS;9828.0;8
613300;Valentina;Ruby;COCONUT_COUPON;SEASHELLS;554.0;20
614100;Vinnie;Vinnie;COCONUT;SEASHELLS;9828.0;8
614200;Valentina;Vinnie;COCONUT_COUPON;SEASHELLS;553.0;17
614600;Valentina;Vinnie;COCONUT_COUPON;SEASHELLS;551.0;11
614900;Valentina;Rhianna;COCONUT_COUPON;SEASHELLS;550.0;13
615300;Valentina;Vinnie;COCONUT_COUPON;SEASHELLS;551.0;20
616200;Ruby;Valentina;COCONUT_COUPON;SEASHELLS;546.0;19
616500;Ruby;Valentina;COCONUT_COUPON;SEASHELLS;549.0;15
617300;Rhianna;Valentina;COCONUT_COUPON;SEASHELLS;549.0;10
617300;Vinnie;Vinnie;COCONUT;SEASHELLS;9834.0;6
617900;Valentina;Vinnie;COCONUT_COUPON;SEASHELLS;551.0;18
618000;Valentina;Vinnie;COCONUT_COUPON;SEASHELLS;551.0;20
618700;Valentina;Rhianna;COCONUT_COUPON;SEASHELLS;549.0;5
619100;Vinnie;Raj;COCONUT;SEASHELLS;9831.0;6
620300;Vinnie;Vinnie;COCONUT;SEASHELLS;9828.0;8
620400;Vinnie;Rhianna;COCONUT;SEASHELLS;9828.0;1
620900;Valentina;Vinnie;COCONUT_COUPON;SEASHELLS;556.0;14
622500;Valentina;Vinnie;COCONUT_COUPON;SEASHELLS;562.0;11
623200;Valentina;Rhianna;COCONUT_COUPON;SEASHELLS;566.0;10
623800;Valentina;Vinnie;COCONUT_COUPON;SEASHELLS;558.0;13
624100;Vladimir;Ruby;COCONUT_COUPON;SEASHELLS;559.0;3
624100;Valentina;Ruby;COCONUT_COUPON;SEASHELLS;559.0;15
624700;Vinnie;Vinnie;COCONUT;SEASHELLS;9824.0;8
624900;Valentina;Vinnie;COCONUT_COUPON;SEASHELLS;566.0;20
626000;Valentina;Vinnie;COCONUT_COUPON;SEASHELLS;565.0;16
626200;Valentina;Vinnie;COCONUT_COUPON;SEASHELLS;564.0;19
626300;Vinnie;Vinnie;COCONUT;SEASHELLS;9830.0;5
626700;Valentina;Ruby;COCONUT_COUPON;SEASHELLS;563.0;19
627700;Raj;Vinnie;COCONUT;SEASHELLS;9836.0;6
628000;Vinnie;Vinnie;COCONUT;SEASHELLS;9835.0;8
628400;Valentina;Vinnie;COCONUT_COUPON;SEASHELLS;561.0;13
629600;Valentina;Vinnie;COCONUT_COUPON;SEASHELLS;558.0;15
629900;Vinnie;Vinnie;COCONUT;SEASHELLS;9840.0;7
630300;Valentina;Vinnie;COCONUT_COUPON;SEASHELLS;556.0;15
630300;Vladimir;Vinnie;COCONUT_COUPON;SEASHELLS;556.0;5
631300;Valentina;Vinnie;COCONUT_COUPON;SEASHELLS;554.0;12
631500;Vinnie;Rhianna;COCONUT;SEASHELLS;9838.0;1
631800;Rhianna;Vinnie;COCONUT;SEASHELLS;9841.0;3
631900;Vinnie;Vinnie;COCONUT;SEASHELLS;9841.0;8
635100;Valentina;Vinnie;COCONUT_COUPON;SEASHELLS;564.0;10
635300;Vinnie;Rhianna;COCONUT;SEASHELLS;9846.0;1
636700;Vinnie;Vinnie;COCONUT;SEASHELLS;9847.0;10
637300;Valentina;Ruby;COCONUT_COUPON;SEASHELLS;564.0;17
637500;Valentina;Vinnie;COCONUT_COUPON;SEASHELLS;563.0;20
638300;Valentina;Vinnie;COCONUT_COUPON;SEASHELLS;563.0;18
638500;Vinnie;Vinnie;COCONUT;SEASHELLS;9844.0;9
639400;Rhianna;Vinnie;COCONUT;SEASHELLS;9845.0;1
641000;Valentina;Vinnie;COCONUT_COUPON;SEASHELLS;568.0;11
641600;Ruby;Valentina;COCONUT_COUPON;SEASHELLS;571.0;20
642200;Valentina;Vinnie;COCONUT_COUPON;SEASHELLS;570.0;15
642400;Rhianna;Vinnie;COCONUT;SEASHELLS;9845.0;1
643500;Valentina;Rhianna;COCONUT_COUPON;SEASHELLS;563.0;10
643700;Vinnie;Vinnie;COCONUT;SEASHELLS;9836.0;6
643700;Valentina;Vinnie;COCONUT_COUPON;SEASHELLS;562.0;15
644100;Vinnie;Vinnie;COCONUT;SEASHELLS;9837.0;7
644500;Vladimir;Vinnie;COCONUT_COUPON;SEASHELLS;560.0;1
644500;Valentina;Vinnie;COCONUT_COUPON;SEASHELLS;560.0;15
645000;Vladimir;Vinnie;COCONUT_COUPON;SEASHELLS;560.0;2
645000;Valentina;Vinnie;COCONUT_COUPON;SEASHELLS;560.0;15
645000;Vinnie;Vinnie;COCONUT;SEASHELLS;9839.0;10
645800;Valentina;Vinnie;COCONUT_COUPON;SEASHELLS;563.0;11
645900;Vinnie;Vinnie;COCONUT;SEASHELLS;9839.0;5
646300;Rhianna;Vinnie;COCONUT;SEASHELLS;9843.0;2
648300;Valentina;Valentina;COCONUT_COUPON;SEASHELLS;565.0;6
648300;Raj;Vinnie;COCONUT;SEASHELLS;9849.0;10
648400;Vinnie;Vinnie;COCONUT;SEASHELLS;9849.0;9
648600;Ruby;Valentina;COCONUT_COUPON;SEASHELLS;566.0;18
650100;Valentina;Vinnie;COCONUT_COUPON;SEASHELLS;565.0;13
651200;Vinnie;Vinnie;COCONUT;SEASHELLS;9843.0;8
651600;Valentina;Vinnie;COCONUT_COUPON;SEASHELLS;571.0;19
652400;Valentina;Valentina;COCONUT_COUPON;SEASHELLS;579.0;4
652500;Vinnie;Vinnie;COCONUT;SEASHELLS;9849.0;10
653800;Vinnie;Vinnie;COCONUT;SEASHELLS;9851.0;10
654100;Vinnie;Raj;COCONUT;SEASHELLS;9853.0;7
654200;Valentina;Vinnie;COCONUT_COUPON;SEASHELLS;581.0;15
656300;Vinnie;Vinnie;COCONUT;SEASHELLS;9853.0;6
657200;Valentina;Vinnie;COCONUT_COUPON;SEASHELLS;585.0;20
657900;Valentina;Vinnie;COCONUT_COUPON;SEASHELLS;590.0;18
661100;Vinnie;Ruby;COCONUT_COUPON;SEASHELLS;590.0;1
662300;Valentina;Vinnie;COCONUT_COUPON;SEASHELLS;585.0;15
662600;Valentina;Vinnie;COCONUT_COUPON;SEASHELLS;585.0;11
662700;Raj;Vinnie;COCONUT;SEASHELLS;9853.0;8
663300;Valentina;Vinnie;COCONUT_COUPON;SEASHELLS;587.0;10
664300;Vinnie;Rhianna;COCONUT;SEASHELLS;9859.0;3
666000;Valentina;Vinnie;COCONUT_COUPON;SEASHELLS;594.0;19
666600;Valentina;Vinnie;COCONUT_COUPON;SEASHELLS;598.0;14
667500;Valentina;Vinnie;COCONUT_COUPON;SEASHELLS;593.0;15
667700;Vladimir;Ruby;COCONUT_COUPON;SEASHELLS;590.0;1
667700;Valentina;Ruby;COCONUT_COUPON;SEASHELLS;590.0;19
668500;Ruby;Valentina;COCONUT_COUPON;SEASHELLS;590.0;13
670300;Valentina;Vinnie;COCONUT_COUPON;SEASHELLS;585.0;20
671500;Vinnie;Vinnie;COCONUT;SEASHELLS;9865.0;6
674400;Valentina;Ruby;COCONUT_COUPON;SEASHELLS;589.0;15
675800;Vinnie;Raj;COCONUT;SEASHELLS;9867.0;6
675900;Vinnie;Vinnie;COCONUT;SEASHELLS;9868.0;6
676600;Valentina;Rhianna;COCONUT_COUPON;SEASHELLS;586.0;12
677600;Valentina;Ruby;COCONUT_COUPON;SEASHELLS;592.0;18
677600;Vladimir;Ruby;COCONUT_COUPON;SEASHELLS;592.0;2
677900;Valentina;Vinnie;COCONUT_COUPON;SEASHELLS;593.0;19
678600;Vinnie;Vinnie;COCONUT;SEASHELLS;9875.0;10
678700;Vinnie;Vinnie;COCONUT_COUPON;SEASHELLS;592.0;1
679800;Vinnie;Vinnie;COCONUT;SEASHELLS;9869.0;9
681400;Valentina;Vinnie;COCONUT_COUPON;SEASHELLS;590.0;10
683500;Vinnie;Vinnie;COCONUT;SEASHELLS;9880.0;7
683700;Valentina;Vinnie;COCONUT_COUPON;SEASHELLS;594.0;18
685300;Valentina;Vinnie;COCONUT_COUPON;SEASHELLS;594.0;10
685500;Vinnie;Vinnie;COCONUT_COUPON;SEASHELLS;595.0;2
685600;Ruby;Valentina;COCONUT_COUPON;SEASHELLS;594.0;11
686900;Valentina;Valentina;COCONUT_COUPON;SEASHELLS;589.0;4
687900;Vinnie;Vinnie;COCONUT;SEASHELLS;9870.0;10
688200;Vinnie;Vinnie;COCONUT;SEASHELLS;9872.0;9
688800;Valentina;Vinnie;COCONUT_COUPON;SEASHELLS;581.0;20
688900;Vinnie;Vinnie;COCONUT;SEASHELLS;9871.0;7
689100;Vinnie;Vinnie;COCONUT;SEASHELLS;9870.0;5
689500;Vinnie;Raj;COCONUT;SEASHELLS;9870.0;7
689800;Valentina;Vinnie;COCONUT_COUPON;SEASHELLS;579.0;17
690000;Valentina;Rhianna;COCONUT_COUPON;SEASHELLS;577.0;15
690700;Vinnie;Raj;COCONUT;SEASHELLS;9868.0;5
692200;Vinnie;Vinnie;COCONUT;SEASHELLS;9870.0;9
692400;Vinnie;Vinnie;COCONUT;SEASHELLS;9870.0;8
693300;Vinnie;Raj;COCONUT;SEASHELLS;9876.0;5
693500;Vinnie;Vinnie;COCONUT;SEASHELLS;9877.0;9
694300;Raj;Vinnie;COCONUT;SEASHELLS;9878.0;7
695200;Ruby;Vladimir;COCONUT_COUPON;SEASHELLS;585.0;15
695900;Raj;Vinnie;COCONUT;SEASHELLS;9874.0;9
697400;Valentina;Vinnie;COCONUT_COUPON;SEASHELLS;586.0;16
697500;Vinnie;Vinnie;COCONUT;SEASHELLS;9875.0;5
699800;Valentina;Vinnie;COCONUT_COUPON;SEASHELLS;589.0;12
700700;Vinnie;Vinnie;COCONUT;SEASHELLS;9878.0;5
702400;Vinnie;Vinnie;COCONUT;SEASHELLS;9878.0;6
703000;Rhianna;Vinnie;COCONUT;SEASHELLS;9878.0;2
703300;Valentina;Vinnie;COCONUT_COUPON;SEASHELLS;587.0;13
703500;Vinnie;Vinnie;COCONUT;SEASHELLS;9877.0;5
703900;Valentina;Vinnie;COCONUT_COUPON;SEASHELLS;582.0;10
704200;Vinnie;Rhianna;COCONUT;SEASHELLS;9870.0;2
704200;Valentina;Vinnie;COCONUT_COUPON;SEASHELLS;580.0;14
704400;Rhianna;Vinnie;COCONUT;SEASHELLS;9871.0;3
705200;Valentina;Vinnie;COCONUT_COUPON;SEASHELLS;584.0;20
705500;Valentina;Ruby;COCONUT_COUPON;SEASHELLS;589.0;19
705700;Valentina;Rhianna;COCONUT_COUPON;SEASHELLS;588.0;14
705800;Vinnie;Vinnie;COCONUT;SEASHELLS;9866.0;10
705800;Valentina;Vinnie;COCONUT_COUPON;SEASHELLS;587.0;16
706600;Vinnie;Vinnie;COCONUT;SEASHELLS;9860.0;7
706800;Ruby;Valentina;COCONUT_COUPON;SEASHELLS;580.0;17
706800;Valentina;Vinnie;COCONUT_COUPON;SEASHELLS;579.0;18
707200;Vinnie;Rhianna;COCONUT;SEASHELLS;9861.0;1
707200;Ruby;Valentina;COCONUT_COUPON;SEASHELLS;581.0;14
707400;Valentina;Vinnie;COCONUT_COUPON;SEASHELLS;580.0;14
707900;Vinnie;Vinnie;COCONUT;SEASHELLS;9863.0;5
708200;Vinnie;Vinnie;COCONUT;SEASHELLS;9860.0;5
708300;Valentina;Ruby;COCONUT_COUPON;SEASHELLS;573.0;20
709100;Vinnie;Vinnie;COCONUT;SEASHELLS;9859.0;9
709200;Valentina;Rhianna;COCONUT_COUPON;SEASHELLS;575.0;13
709500;Vinnie;Vinnie;COCONUT;SEASHELLS;9856.0;9
710000;Vinnie;Vinnie;COCONUT;SEASHELLS;9860.0;7
710500;Vinnie;Raj;COCONUT;SEASHELLS;9857.0;8
710900;Valentina;Ruby;COCONUT_COUPON;SEASHELLS;574.0;18
712500;Valentina;Valentina;COCONUT_COUPON;SEASHELLS;574.0;8
713700;Valentina;Vinnie;COCONUT_COUPON;SEASHELLS;574.0;12
714100;Valentina;Ruby;COCONUT_COUPON;SEASHELLS;575.0;14
715400;Valentina;Vinnie;COCONUT_COUPON;SEASHELLS;570.0;16
716300;Vinnie;Raj;COCONUT;SEASHELLS;9863.0;8
717900;Valentina;Vinnie;COCONUT_COUPON;SEASHELLS;570.0;12
719900;Valentina;Vinnie;COCONUT_COUPON;SEASHELLS;583.0;20
720400;Valentina;Rhianna;COCONUT_COUPON;SEASHELLS;581.0;13
721300;Valentina;Vinnie;COCONUT_COUPON;SEASHELLS;577.0;11
721600;Valentina;Rhianna;COCONUT_COUPON;SEASHELLS;577.0;12
722400;Valentina;Vinnie;COCONUT_COUPON;SEASHELLS;581.0;10
723000;Valentina;Ruby;COCONUT_COUPON;SEASHELLS;579.0;13
723200;Valentina;Rhianna;COCONUT_COUPON;SEASHELLS;577.0;15
723600;Vinnie;Vinnie;COCONUT;SEASHELLS;9862.0;5
724700;Raj;Vinnie;COCONUT;SEASHELLS;9862.0;6
724700;Valentina;Rhianna;COCONUT_COUPON;SEASHELLS;581.0;13
725100;Valentina;Ruby;COCONUT_COUPON;SEASHELLS;584.0;20
726100;Valentina;Vinnie;COCONUT_COUPON;SEASHELLS;586.0;10
726300;Vinnie;Vinnie;COCONUT;SEASHELLS;9862.0;6
726900;Valentina;Rhianna;COCONUT_COUPON;SEASHELLS;585.0;5
727000;Rhianna;Vinnie;COCONUT;SEASHELLS;9866.0;2
727300;Vinnie;Vinnie;COCONUT;SEASHELLS;9863.0;7
727500;Valentina;Valentina;COCONUT_COUPON;SEASHELLS;585.0;10
730700;Valentina;Rhianna;COCONUT_COUPON;SEASHELLS;585.0;5
730700;Valentina;Vinnie;COCONUT_COUPON;SEASHELLS;585.0;10
731200;Valentina;Vinnie;COCONUT_COUPON;SEASHELLS;586.0;16
732000;Vinnie;Vinnie;COCONUT;SEASHELLS;9863.0;9
733200;Vinnie;Rhianna;COCONUT;SEASHELLS;9857.0;1
733800;Valentina;Rhianna;COCONUT_COUPON;SEASHELLS;578.0;15
734200;Raj;Vinnie;COCONUT;SEASHELLS;9865.0;8
734500;Valentina;Ruby;COCONUT_COUPON;SEASHELLS;581.0;18
734600;Vinnie;Vinnie;COCONUT;SEASHELLS;9865.0;5
734800;Valentina;Vinnie;COCONUT_COUPON;SEASHELLS;581.0;20
735900;Valentina;Vinnie;COCONUT_COUPON;SEASHELLS;580.0;18
736100;Valentina;Vinnie;COCONUT_COUPON;SEASHELLS;583.0;16
737200;Vinnie;Vinnie;COCONUT;SEASHELLS;9868.0;7
738100;Vinnie;Raj;COCONUT;SEASHELLS;9863.0;8
738300;Valentina;Vinnie;COCONUT_COUPON;SEASHELLS;577.0;19
739200;Vinnie;Vinnie;COCONUT;SEASHELLS;9862.0;8
739500;Vladimir;Vinnie;COCONUT_COUPON;SEASHELLS;583.0;14
740700;Valentina;Ruby;COCONUT_COUPON;SEASHELLS;590.0;15
741000;Valentina;Vinnie;COCONUT_COUPON;SEASHELLS;589.0;15
741000;Vladimir;Vinnie;COCONUT_COUPON;SEASHELLS;589.0;5
741500;Valentina;Ruby;COCONUT_COUPON;SEASHELLS;590.0;16
741900;Valentina;Vinnie;COCONUT_COUPON;SEASHELLS;591.0;15
742000;Valentina;Ruby;COCONUT_COUPON;SEASHELLS;591.0;17
742800;Valentina;Vinnie;COCONUT_COUPON;SEASHELLS;587.0;20
743000;Vinnie;Vinnie;COCONUT;SEASHELLS;9866.0;7
744100;Valentina;Rhianna;COCONUT_COUPON;SEASHELLS;594.0;15
744700;Rhianna;Vinnie;COCONUT;SEASHELLS;9875.0;2
746300;Vinnie;Vinnie;COCONUT;SEASHELLS;9875.0;7
747700;Valentina;Valentina;COCONUT_COUPON;SEASHELLS;597.0;8
747800;Raj;Vinnie;COCONUT;SEASHELLS;9881.0;8
748000;Raj;Vinnie;COCONUT;SEASHELLS;9881.0;10
748100;Valentina;Ruby;COCONUT_COUPON;SEASHELLS;599.0;13
748600;Vinnie;Vinnie;COCONUT;SEASHELLS;9882.0;10
748800;Vinnie;Vinnie;COCONUT;SEASHELLS;9883.0;5
749700;Valentina;Ruby;COCONUT_COUPON;SEASHELLS;599.0;17
749800;Valentina;Ruby;COCONUT_COUPON;SEASHELLS;598.0;19
749900;Vinnie;Vinnie;COCONUT;SEASHELLS;9885.0;7
750000;Valentina;Vinnie;COCONUT_COUPON;SEASHELLS;598.0;11
750600;Ruby;Valentina;COCONUT_COUPON;SEASHELLS;597.0;20
750600;Vinnie;Raj;COCONUT;SEASHELLS;9886.0;5
750600;Valentina;Vinnie;COCONUT_COUPON;SEASHELLS;596.0;17
751000;Valentina;Valentina;COCONUT_COUPON;SEASHELLS;593.0;7
751800;Valentina;Valentina;COCONUT_COUPON;SEASHELLS;596.0;5
752800;Valentina;Ruby;COCONUT_COUPON;SEASHELLS;593.0;15
753100;Rhianna;Vinnie;COCONUT;SEASHELLS;9889.0;2
753400;Vinnie;Vinnie;COCONUT;SEASHELLS;9887.0;10
754000;Valentina;Valentina;COCONUT_COUPON;SEASHELLS;600.0;6
754000;Ruby;Valentina;COCONUT_COUPON;SEASHELLS;601.0;19
754200;Vinnie;Vinnie;COCONUT;SEASHELLS;9884.0;9
756200;Valentina;Ruby;COCONUT_COUPON;SEASHELLS;590.0;20
756500;Vinnie;Vinnie;COCONUT;SEASHELLS;9879.0;8
758400;Valentina;Vinnie;COCONUT_COUPON;SEASHELLS;579.0;17
759600;Valentina;Vinnie;COCONUT_COUPON;SEASHELLS;579.0;12
759600;Vinnie;Vinnie;COCONUT;SEASHELLS;9870.0;7
760800;Valentina;Vinnie;COCONUT_COUPON;SEASHELLS;579.0;15
761200;Ruby;Valentina;COCONUT_COUPON;SEASHELLS;580.0;17
761800;Vinnie;Vinnie;COCONUT;SEASHELLS;9872.0;7
762400;Vinnie;Raj;COCONUT;SEASHELLS;9869.0;6
763200;Valentina;Vinnie;COCONUT_COUPON;SEASHELLS;571.0;11
764100;Valentina;Ruby;COCONUT_COUPON;SEASHELLS;571.0;18
764100;Valentina;Valentina;COCONUT_COUPON;SEASHELLS;572.0;10
765100;Valentina;Vinnie;COCONUT_COUPON;SEASHELLS;571.0;13
765700;Valentina;Vinnie;COCONUT_COUPON;SEASHELLS;568.0;20
765800;Valentina;Rhianna;COCONUT_COUPON;SEASHELLS;567.0;11
767000;Vinnie;Raj;COCONUT;SEASHELLS;9867.0;7
767500;Valentina;Vinnie;COCONUT_COUPON;SEASHELLS;557.0;11
769200;Ruby;Vladimir;COCONUT_COUPON;SEASHELLS;553.0;1
769200;Ruby;Valentina;COCONUT_COUPON;SEASHELLS;553.0;17
769600;Valentina;Rhianna;COCONUT_COUPON;SEASHELLS;551.0;10
770000;Ruby;Valentina;COCONUT_COUPON;SEASHELLS;552.0;12
770600;Vinnie;Vinnie;COCONUT;SEASHELLS;9859.0;7
770800;Valentina;Vinnie;COCONUT_COUPON;SEASHELLS;548.0;20
770800;Valentina;Valentina;COCONUT_COUPON;SEASHELLS;548.0;3
770800;Vladimir;Valentina;COCONUT_COUPON;SEASHELLS;548.0;4
771300;Ruby;Valentina;COCONUT_COUPON;SEASHELLS;551.0;17
772000;Vinnie;Raj;COCONUT;SEASHELLS;9864.0;10
772700;Vinnie;Vinnie;COCONUT;SEASHELLS;9861.0;10
772800;Valentina;Vinnie;COCONUT_COUPON;SEASHELLS;548.0;15
773600;Valentina;Vinnie;COCONUT_COUPON;SEASHELLS;552.0;13
773800;Valentina;Valentina;COCONUT_COUPON;SEASHELLS;553.0;9
774400;Vinnie;Vinnie;COCONUT;SEASHELLS;9861.0;5
774700;Valentina;Vinnie;COCONUT_COUPON;SEASHELLS;554.0;18
775000;Vinnie;Vinnie;COCONUT;SEASHELLS;9864.0;7
776000;Valentina;Rhianna;COCONUT_COUPON;SEASHELLS;555.0;9
778000;Vinnie;Raj;COCONUT;SEASHELLS;9864.0;7
778100;Rhianna;Vinnie;COCONUT;SEASHELLS;9865.0;1
778200;Vinnie;Vinnie;COCONUT;SEASHELLS;9863.0;7
778700;Valentina;Vinnie;COCONUT_COUPON;SEASHELLS;557.0;16
779000;Valentina;Vinnie;COCONUT_COUPON;SEASHELLS;557.0;17
780100;Valentina;Valentina;COCONUT_COUPON;SEASHELLS;555.0;4
780400;Rhianna;Vinnie;COCONUT;SEASHELLS;9867.0;1
780700;Valentina;Vinnie;COCONUT_COUPON;SEASHELLS;556.0;19
780700;Vladimir;Vinnie;COCONUT_COUPON;SEASHELLS;556.0;1
780700;Vladimir;Ruby;COCONUT_COUPON;SEASHELLS;556.0;9
780700;Valentina;Ruby;COCONUT_COUPON;SEASHELLS;556.0;0
780800;Vinnie;Vinnie;COCONUT;SEASHELLS;9869.0;9
781300;Valentina;Vinnie;COCONUT_COUPON;SEASHELLS;558.0;17
781400;Rhianna;Vinnie;COCONUT;SEASHELLS;9874.0;3
781400;Valentina;Valentina;COCONUT_COUPON;SEASHELLS;558.0;9
782500;Raj;Vinnie;COCONUT;SEASHELLS;9880.0;8
782500;Vinnie;Vinnie;COCONUT;SEASHELLS;9878.0;8
783000;Vladimir;Ruby;COCONUT_COUPON;SEASHELLS;565.0;2
783000;Valentina;Ruby;COCONUT_COUPON;SEASHELLS;565.0;17
783100;Vinnie;Raj;COCONUT;SEASHELLS;9880.0;8
783300;Rhianna;Vinnie;COCONUT;SEASHELLS;9879.0;1
783400;Valentina;Ruby;COCONUT_COUPON;SEASHELLS;569.0;10
784200;Valentina;Vinnie;COCONUT_COUPON;SEASHELLS;575.0;17
784200;Vladimir;Vinnie;COCONUT_COUPON;SEASHELLS;575.0;2
784700;Vinnie;Vinnie;COCONUT;SEASHELLS;9876.0;5
784700;Vinnie;Rhianna;COCONUT;SEASHELLS;9876.0;3
785000;Vinnie;Vinnie;COCONUT;SEASHELLS;9872.0;8
785900;Valentina;Vinnie;COCONUT_COUPON;SEASHELLS;575.0;11
786000;Valentina;Vinnie;COCONUT_COUPON;SEASHELLS;575.0;11
786400;Ruby;Valentina;COCONUT_COUPON;SEASHELLS;579.0;11
787300;Valentina;Vinnie;COCONUT_COUPON;SEASHELLS;574.0;13
787700;Valentina;Vinnie;COCONUT_COUPON;SEASHELLS;575.0;14
788300;Valentina;Ruby;COCONUT_COUPON;SEASHELLS;574.0;11
788900;Vinnie;Raj;COCONUT;SEASHELLS;9865.0;8
790300;Valentina;Rhianna;COCONUT_COUPON;SEASHELLS;570.0;10
791600;Valentina;Valentina;COCONUT_COUPON;SEASHELLS;573.0;4
792100;Valentina;Vinnie;COCONUT_COUPON;SEASHELLS;574.0;14
796000;Ruby;Valentina;COCONUT_COUPON;SEASHELLS;575.0;16
796900;Ruby;Vladimir;COCONUT_COUPON;SEASHELLS;572.0;4
796900;Ruby;Valentina;COCONUT_COUPON;SEASHELLS;572.0;16
798300;Raj;Vinnie;COCONUT;SEASHELLS;9855.0;8
798300;Valentina;Rhianna;COCONUT_COUPON;SEASHELLS;573.0;8
800300;Valentina;Vinnie;COCONUT_COUPON;SEASHELLS;575.0;11
802100;Vinnie;Raj;COCONUT;SEASHELLS;9861.0;6
802800;Vinnie;Vinnie;COCONUT;SEASHELLS;9864.0;7
804000;Vinnie;Vinnie;COCONUT;SEASHELLS;9864.0;7
804600;Valentina;Rhianna;COCONUT_COUPON;SEASHELLS;570.0;7
805000;Valentina;Rhianna;COCONUT_COUPON;SEASHELLS;567.0;6
805500;Vinnie;Vinnie;COCONUT;SEASHELLS;9864.0;6
806200;Rhianna;Vinnie;COCONUT;SEASHELLS;9866.0;2
806600;Valentina;Vinnie;COCONUT_COUPON;SEASHELLS;563.0;10
807300;Vinnie;Rhianna;COCONUT;SEASHELLS;9868.0;1
808500;Valentina;Ruby;COCONUT_COUPON;SEASHELLS;556.0;13
809600;Valentina;Ruby;COCONUT_COUPON;SEASHELLS;567.0;14
810800;Vinnie;Raj;COCONUT;SEASHELLS;9869.0;9
812000;Vinnie;Vinnie;COCONUT;SEASHELLS;9865.0;6
813000;Vinnie;Vinnie;COCONUT;SEASHELLS;9861.0;9
813600;Vinnie;Vinnie;COCONUT;SEASHELLS;9860.0;8
813900;Vinnie;Vinnie;COCONUT;SEASHELLS;9858.0;10
813900;Ruby;Valentina;COCONUT_COUPON;SEASHELLS;571.0;20
814000;Vinnie;Vinnie;COCONUT;SEASHELLS;9857.0;5
814300;Valentina;Rhianna;COCONUT_COUPON;SEASHELLS;566.0;13
815200;Raj;Vinnie;COCONUT;SEASHELLS;9852.0;9
815300;Vinnie;Vinnie;COCONUT;SEASHELLS;9851.0;7
818300;Valentina;Vinnie;COCONUT_COUPON;SEASHELLS;572.0;10
818800;Valentina;Vinnie;COCONUT_COUPON;SEASHELLS;571.0;14
819000;Valentina;Vinnie;COCONUT_COUPON;SEASHELLS;571.0;12
819700;Vinnie;Vinnie;COCONUT;SEASHELLS;9856.0;5
820400;Valentina;Rhianna;COCONUT_COUPON;SEASHELLS;567.0;10
820500;Vinnie;Vinnie;COCONUT;SEASHELLS;9857.0;10
820500;Valentina;Ruby;COCONUT_COUPON;SEASHELLS;567.0;12
821100;Valentina;Vinnie;COCONUT_COUPON;SEASHELLS;565.0;20
821500;Vinnie;Vinnie;COCONUT;SEASHELLS;9860.0;7
821600;Vinnie;Vinnie;COCONUT;SEASHELLS;9861.0;9
821700;Valentina;Vinnie;COCONUT_COUPON;SEASHELLS;564.0;16
821900;Vinnie;Vinnie;COCONUT;SEASHELLS;9860.0;10
822200;Vinnie;Vinnie;COCONUT;SEASHELLS;9859.0;6
822200;Valentina;Ruby;COCONUT_COUPON;SEASHELLS;562.0;16
823600;Valentina;Vinnie;COCONUT_COUPON;SEASHELLS;564.0;14
824000;Valentina;Vladimir;COCONUT_COUPON;SEASHELLS;564.0;5
824900;Vinnie;Vinnie;COCONUT;SEASHELLS;9862.0;8
825200;Valentina;Valentina;COCONUT_COUPON;SEASHELLS;565.0;6
825700;Valentina;Vinnie;COCONUT_COUPON;SEASHELLS;564.0;12
826200;Raj;Vinnie;COCONUT;SEASHELLS;9863.0;6
826600;Rhianna;Vinnie;COCONUT;SEASHELLS;9862.0;1
827000;Vinnie;Raj;COCONUT;SEASHELLS;9859.0;6
827300;Vinnie;Raj;COCONUT;SEASHELLS;9862.0;10
827400;Valentina;Vinnie;COCONUT_COUPON;SEASHELLS;557.0;11
828600;Vinnie;Vinnie;COCONUT;SEASHELLS;9865.0;9
828700;Vladimir;Ruby;COCONUT_COUPON;SEASHELLS;557.0;2
828700;Valentina;Ruby;COCONUT_COUPON;SEASHELLS;557.0;9
828700;Valentina;Vinnie;COCONUT_COUPON;SEASHELLS;557.0;16
829800;Valentina;Vinnie;COCONUT_COUPON;SEASHELLS;556.0;16
830300;Valentina;Vinnie;COCONUT_COUPON;SEASHELLS;555.0;18
831300;Vinnie;Raj;COCONUT;SEASHELLS;9863.0;9
832000;Vinnie;Vinnie;COCONUT;SEASHELLS;9867.0;6
833100;Ruby;Valentina;COCONUT_COUPON;SEASHELLS;562.0;20
833600;Valentina;Vinnie;COCONUT_COUPON;SEASHELLS;560.0;16
833900;Valentina;Vinnie;COCONUT_COUPON;SEASHELLS;563.0;16
834300;Valentina;Vinnie;COCONUT_COUPON;SEASHELLS;562.0;20
834500;Raj;Vinnie;COCONUT;SEASHELLS;9877.0;5
835100;Ruby;Valentina;COCONUT_COUPON;SEASHELLS;563.0;12
835700;Vinnie;Raj;COCONUT;SEASHELLS;9876.0;9
836100;Ruby;Valentina;COCONUT_COUPON;SEASHELLS;562.0;17
837200;Vinnie;Vinnie;COCONUT;SEASHELLS;9879.0;5
837400;Vinnie;Vinnie;COCONUT;SEASHELLS;9879.0;6
838400;Valentina;Vinnie;COCONUT_COUPON;SEASHELLS;566.0;13
838500;Valentina;Rhianna;COCONUT_COUPON;SEASHELLS;565.0;6
838600;Valentina;Valentina;COCONUT_COUPON;SEASHELLS;563.0;8
838600;Vladimir;Valentina;COCONUT_COUPON;SEASHELLS;563.0;2
838600;Valentina;Vinnie;COCONUT_COUPON;SEASHELLS;563.0;17
839400;Vinnie;Vinnie;COCONUT;SEASHELLS;9881.0;10
840200;Ruby;Valentina;COCONUT_COUPON;SEASHELLS;569.0;11
840200;Ruby;Vladimir;COCONUT_COUPON;SEASHELLS;569.0;5
840200;Valentina;Valentina;COCONUT_COUPON;SEASHELLS;569.0;10
840600;Ruby;Valentina;COCONUT_COUPON;SEASHELLS;570.0;16
841500;Valentina;Valentina;COCONUT_COUPON;SEASHELLS;566.0;10
841800;Vinnie;Vinnie;COCONUT;SEASHELLS;9882.0;9
842200;Ruby;Valentina;COCONUT_COUPON;SEASHELLS;568.0;19
846300;Valentina;Vinnie;COCONUT_COUPON;SEASHELLS;582.0;11
846600;Vinnie;Vinnie;COCONUT;SEASHELLS;9886.0;5
847200;Rhianna;Vinnie;COCONUT;SEASHELLS;9889.0;3
847400;Valentina;Vinnie;COCONUT_COUPON;SEASHELLS;580.0;12
847600;Valentina;Vinnie;COCONUT_COUPON;SEASHELLS;581.0;16
847800;Vinnie;Vinnie;COCONUT;SEASHELLS;9889.0;8
848200;Valentina;Valentina;COCONUT_COUPON;SEASHELLS;582.0;6
848500;Ruby;Valentina;COCONUT_COUPON;SEASHELLS;583.0;15
849600;Ruby;Valentina;COCONUT_COUPON;SEASHELLS;585.0;17
849600;Ruby;Vladimir;COCONUT_COUPON;SEASHELLS;585.0;3
850000;Vladimir;Vinnie;COCONUT_COUPON;SEASHELLS;586.0;2
850000;Valentina;Vinnie;COCONUT_COUPON;SEASHELLS;586.0;18
850300;Vinnie;Rhianna;COCONUT;SEASHELLS;9889.0;3
850900;Valentina;Valentina;COCONUT_COUPON;SEASHELLS;589.0;8
851700;Vinnie;Rhianna;COCONUT;SEASHELLS;9886.0;3
853000;Vinnie;Raj;COCONUT;SEASHELLS;9883.0;5
853100;Valentina;Vinnie;COCONUT_COUPON;SEASHELLS;580.0;11
853400;Valentina;Ruby;COCONUT_COUPON;SEASHELLS;583.0;20
855300;Vinnie;Vinnie;COCONUT;SEASHELLS;9889.0;6
855700;Vinnie;Vinnie;COCONUT;SEASHELLS;9886.0;5
856000;Valentina;Vinnie;COCONUT_COUPON;SEASHELLS;581.0;12
856000;Ruby;Valentina;COCONUT_COUPON;SEASHELLS;582.0;10
857800;Valentina;Vinnie;COCONUT_COUPON;SEASHELLS;576.0;11
858200;Ruby;Valentina;COCONUT_COUPON;SEASHELLS;576.0;18
858200;Ruby;Vladimir;COCONUT_COUPON;SEASHELLS;576.0;1
859100;Valentina;Rhianna;COCONUT_COUPON;SEASHELLS;578.0;8
860200;Vinnie;Rhianna;COCONUT;SEASHELLS;9892.0;3
860200;Valentina;Vinnie;COCONUT_COUPON;SEASHELLS;580.0;17
860600;Raj;Vinnie;COCONUT;SEASHELLS;9894.0;5
860700;Rhianna;Vladimir;COCONUT_COUPON;SEASHELLS;582.0;14
862900;Vinnie;Rhianna;COCONUT;SEASHELLS;9888.0;2
863400;Valentina;Vinnie;COCONUT_COUPON;SEASHELLS;574.0;14
863800;Vinnie;Vinnie;COCONUT;SEASHELLS;9889.0;10
864000;Valentina;Vinnie;COCONUT_COUPON;SEASHELLS;575.0;12
864900;Valentina;Vinnie;COCONUT_COUPON;SEASHELLS;567.0;12
865400;Valentina;Vinnie;COCONUT_COUPON;SEASHELLS;564.0;17
865400;Vinnie;Vinnie;COCONUT;SEASHELLS;9885.0;9
869000;Valentina;Vinnie;COCONUT_COUPON;SEASHELLS;554.0;14
872200;Valentina;Ruby;COCONUT_COUPON;SEASHELLS;552.0;12
872200;Vinnie;Vinnie;COCONUT;SEASHELLS;9873.0;9
872600;Valentina;Vinnie;COCONUT_COUPON;SEASHELLS;553.0;14
872900;Vinnie;Vinnie;COCONUT;SEASHELLS;9872.0;8
874600;Valentina;Vinnie;COCONUT_COUPON;SEASHELLS;562.0;19
875000;Vinnie;Vinnie;COCONUT;SEASHELLS;9878.0;5
876500;Ruby;Valentina;COCONUT_COUPON;SEASHELLS;570.0;12
876900;Vinnie;Raj;COCONUT;SEASHELLS;9878.0;8
877500;Vinnie;Vinnie;COCONUT;SEASHELLS;9874.0;7
878000;Valentina;Vinnie;COCONUT_COUPON;SEASHELLS;561.0;14
878100;Valentina;Vinnie;COCONUT_COUPON;SEASHELLS;563.0;13
880800;Vinnie;Vinnie;COCONUT;SEASHELLS;9882.0;10
881700;Valentina;Vinnie;COCONUT_COUPON;SEASHELLS;561.0;15
883200;Valentina;Vinnie;COCONUT_COUPON;SEASHELLS;567.0;10
883400;Valentina;Vinnie;COCONUT_COUPON;SEASHELLS;567.0;10
883900;Vinnie;Vinnie;COCONUT;SEASHELLS;9884.0;7
885000;Valentina;Ruby;COCONUT_COUPON;SEASHELLS;570.0;20
885600;Vinnie;Rhianna;COCONUT;SEASHELLS;9884.0;3
887200;Valentina;Valentina;COCONUT_COUPON;SEASHELLS;565.0;8
887400;Valentina;Ruby;COCONUT_COUPON;SEASHELLS;566.0;15
887500;Vinnie;Vinnie;COCONUT;SEASHELLS;9889.0;10
888600;Valentina;Vinnie;COCONUT_COUPON;SEASHELLS;565.0;11
890400;Raj;Vinnie;COCONUT;SEASHELLS;9887.0;6
890800;Valentina;Vinnie;COCONUT_COUPON;SEASHELLS;562.0;17
891000;Vinnie;Vinnie;COCONUT;SEASHELLS;9888.0;9
891500;Ruby;Valentina;COCONUT_COUPON;SEASHELLS;560.0;20
892400;Vinnie;Vinnie;COCONUT;SEASHELLS;9885.0;6
894300;Valentina;Ruby;COCONUT_COUPON;SEASHELLS;557.0;16
895100;Rhianna;Vinnie;COCONUT;SEASHELLS;9884.0;1
895600;Vinnie;Rhianna;COCONUT;SEASHELLS;9879.0;3
896000;Valentina;Valentina;COCONUT_COUPON;SEASHELLS;559.0;10
896100;Valentina;Valentina;COCONUT_COUPON;SEASHELLS;559.0;8
897600;Valentina;Vinnie;COCONUT_COUPON;SEASHELLS;562.0;16
897800;Vinnie;Raj;COCONUT;SEASHELLS;9881.0;7
897900;Valentina;Rhianna;COCONUT_COUPON;SEASHELLS;560.0;15
898300;Valentina;Vinnie;COCONUT_COUPON;SEASHELLS;557.0;18
902600;Vinnie;Vinnie;COCONUT;SEASHELLS;9884.0;7
902900;Raj;Vinnie;COCONUT;SEASHELLS;9887.0;7
903800;Valentina;Vinnie;COCONUT_COUPON;SEASHELLS;567.0;18
904700;Valentina;Vinnie;COCONUT_COUPON;SEASHELLS;564.0;11
904900;Valentina;Vinnie;COCONUT_COUPON;SEASHELLS;561.0;13
905000;Rhianna;Vinnie;COCONUT;SEASHELLS;9881.0;3
905800;Valentina;Ruby;COCONUT_COUPON;SEASHELLS;560.0;12
907100;Valentina;Vinnie;COCONUT_COUPON;SEASHELLS;560.0;20
907200;Valentina;Valentina;COCONUT_COUPON;SEASHELLS;562.0;4
907900;Vinnie;Vinnie;COCONUT;SEASHELLS;9879.0;6
908000;Valentina;Valentina;COCONUT_COUPON;SEASHELLS;566.0;6
908500;Valentina;Ruby;COCONUT_COUPON;SEASHELLS;567.0;14
909100;Vinnie;Vinnie;COCONUT;SEASHELLS;9881.0;6
909600;Valentina;Valentina;COCONUT_COUPON;SEASHELLS;567.0;8
909700;Vinnie;Raj;COCONUT;SEASHELLS;9881.0;8
910300;Valentina;Vinnie;COCONUT_COUPON;SEASHELLS;567.0;14
910600;Raj;Vinnie;COCONUT;SEASHELLS;9881.0;7
910900;Vinnie;Rhianna;COCONUT;SEASHELLS;9881.0;2
911100;Raj;Vinnie;COCONUT;SEASHELLS;9883.0;9
911600;Valentina;Vinnie;COCONUT_COUPON;SEASHELLS;566.0;15
911600;Vladimir;Vinnie;COCONUT_COUPON;SEASHELLS;566.0;3
913600;Valentina;Valentina;COCONUT_COUPON;SEASHELLS;560.0;8
914000;Vinnie;Rhianna;COCONUT;SEASHELLS;9877.0;3
914600;Vinnie;Raj;COCONUT;SEASHELLS;9879.0;10
915300;Raj;Vinnie;COCONUT;SEASHELLS;9882.0;9
916900;Valentina;Vinnie;COCONUT_COUPON;SEASHELLS;569.0;11
917300;Vinnie;Vinnie;COCONUT;SEASHELLS;9878.0;8
918200;Vinnie;Raj;COCONUT;SEASHELLS;9879.0;5
918400;Valentina;Vinnie;COCONUT_COUPON;SEASHELLS;567.0;18
918400;Vladimir;Vinnie;COCONUT_COUPON;SEASHELLS;567.0;1
918900;Ruby;Valentina;COCONUT_COUPON;SEASHELLS;571.0;15
919400;Vinnie;Vinnie;COCONUT;SEASHELLS;9882.0;8
919500;Valentina;Vinnie;COCONUT_COUPON;SEASHELLS;565.0;16
919700;Valentina;Rhianna;COCONUT_COUPON;SEASHELLS;565.0;13
920300;Vinnie;Rhianna;COCONUT;SEASHELLS;9885.0;2
920800;Raj;Vinnie;COCONUT;SEASHELLS;9888.0;7
920900;Valentina;Vinnie;COCONUT_COUPON;SEASHELLS;568.0;12
923000;Vinnie;Rhianna;COCONUT;SEASHELLS;9879.0;3
923400;Valentina;Valentina;COCONUT_COUPON;SEASHELLS;567.0;6
924700;Valentina;Vinnie;COCONUT_COUPON;SEASHELLS;566.0;16
927000;Vinnie;Vinnie;COCONUT;SEASHELLS;9878.0;6
928500;Raj;Vinnie;COCONUT;SEASHELLS;9875.0;9
928500;Vinnie;Vinnie;COCONUT;SEASHELLS;9874.0;6
929400;Valentina;Rhianna;COCONUT_COUPON;SEASHELLS;565.0;8
930100;Vinnie;Vinnie;COCONUT;SEASHELLS;9877.0;9
930900;Valentina;Vinnie;COCONUT_COUPON;SEASHELLS;569.0;19
930900;Vinnie;Vinnie;COCONUT;SEASHELLS;9878.0;8
931300;Valentina;Vinnie;COCONUT_COUPON;SEASHELLS;569.0;15
931300;Vladimir;Vinnie;COCONUT_COUPON;SEASHELLS;569.0;2
931400;Vinnie;Vinnie;COCONUT;SEASHELLS;9879.0;5
933600;Vinnie;Vinnie;COCONUT;SEASHELLS;9882.0;5
933800;Valentina;Vinnie;COCONUT_COUPON;SEASHELLS;576.0;11
933900;Valentina;Rhianna;COCONUT_COUPON;SEASHELLS;575.0;14
934300;Valentina;Vinnie;COCONUT_COUPON;SEASHELLS;578.0;16
934900;Vinnie;Vinnie;COCONUT;SEASHELLS;9887.0;6
935000;Vinnie;Vinnie;COCONUT;SEASHELLS;9887.0;8
937200;Valentina;Vinnie;COCONUT_COUPON;SEASHELLS;577.0;15
937800;Valentina;Rhianna;COCONUT_COUPON;SEASHELLS;578.0;14
938000;Valentina;Valentina;COCONUT_COUPON;SEASHELLS;576.0;10
939800;Valentina;Vinnie;COCONUT_COUPON;SEASHELLS;578.0;12
941200;Valentina;Ruby;COCONUT_COUPON;SEASHELLS;588.0;12
941600;Vinnie;Vinnie;COCONUT;SEASHELLS;9891.0;10
942100;Valentina;Vinnie;COCONUT_COUPON;SEASHELLS;588.0;14
943200;Rhianna;Vinnie;COCONUT;SEASHELLS;9890.0;3
944300;Vinnie;Vinnie;COCONUT;SEASHELLS;9888.0;9
944900;Rhianna;Vinnie;COCONUT;SEASHELLS;9889.0;2
946400;Vinnie;Vinnie;COCONUT;SEASHELLS;9886.0;7
947900;Vinnie;Raj;COCONUT;SEASHELLS;9890.0;6
948500;Vinnie;Vinnie;COCONUT;SEASHELLS;9889.0;8
948600;Valentina;Vinnie;COCONUT_COUPON;SEASHELLS;586.0;12
948700;Valentina;Ruby;COCONUT_COUPON;SEASHELLS;585.0;12
948700;Vinnie;Raj;COCONUT;SEASHELLS;9887.0;6
950500;Ruby;Valentina;COCONUT_COUPON;SEASHELLS;584.0;12
950600;Valentina;Ruby;COCONUT_COUPON;SEASHELLS;583.0;11
952000;Vinnie;Vinnie;COCONUT;SEASHELLS;9897.0;5
952300;Valentina;Rhianna;COCONUT_COUPON;SEASHELLS;584.0;8
952900;Valentina;Vinnie;COCONUT_COUPON;SEASHELLS;586.0;14
954200;Valentina;Vinnie;COCONUT_COUPON;SEASHELLS;585.0;20
955500;Vinnie;Rhianna;COCONUT;SEASHELLS;9897.0;2
956500;Vinnie;Vinnie;COCONUT_COUPON;SEASHELLS;586.0;2
956700;Vinnie;Vinnie;COCONUT;SEASHELLS;9896.0;7
957400;Valentina;Rhianna;COCONUT_COUPON;SEASHELLS;585.0;10
958500;Valentina;Vinnie;COCONUT_COUPON;SEASHELLS;583.0;18
959700;Raj;Vinnie;COCONUT;SEASHELLS;9890.0;9
960600;Valentina;Vinnie;COCONUT_COUPON;SEASHELLS;585.0;11
963200;Vinnie;Rhianna;COCONUT;SEASHELLS;9898.0;1
963400;Vinnie;Raj;COCONUT;SEASHELLS;9897.0;9
963500;Valentina;Vinnie;COCONUT_COUPON;SEASHELLS;582.0;19
963600;Valentina;Ruby;COCONUT_COUPON;SEASHELLS;582.0;20
963700;Valentina;Vinnie;COCONUT_COUPON;SEASHELLS;584.0;15
964400;Valentina;Rhianna;COCONUT_COUPON;SEASHELLS;585.0;8
964500;Valentina;Valentina;COCONUT_COUPON;SEASHELLS;584.0;9
965300;Ruby;Valentina;COCONUT_COUPON;SEASHELLS;583.0;11
966600;Valentina;Vinnie;COCONUT_COUPON;SEASHELLS;580.0;19
966800;Vinnie;Vinnie;COCONUT;SEASHELLS;9901.0;9
966900;Vinnie;Rhianna;COCONUT;SEASHELLS;9900.0;3
967100;Valentina;Vinnie;COCONUT_COUPON;SEASHELLS;578.0;13
967700;Vinnie;Vinnie;COCONUT;SEASHELLS;9895.0;5
967900;Rhianna;Vinnie;COCONUT;SEASHELLS;9898.0;2
969000;Vinnie;Vinnie;COCONUT;SEASHELLS;9891.0;6
969800;Rhianna;Vinnie;COCONUT;SEASHELLS;9889.0;1
970500;Vladimir;Vinnie;COCONUT_COUPON;SEASHELLS;570.0;1
970500;Valentina;Vinnie;COCONUT_COUPON;SEASHELLS;570.0;18
970600;Vinnie;Vinnie;COCONUT;SEASHELLS;9889.0;8
971200;Raj;Vinnie;COCONUT;SEASHELLS;9885.0;7
971600;Valentina;Vinnie;COCONUT_COUPON;SEASHELLS;569.0;18
971600;Ruby;Valentina;COCONUT_COUPON;SEASHELLS;570.0;17
973400;Valentina;Vinnie;COCONUT_COUPON;SEASHELLS;573.0;10
973500;Ruby;Valentina;COCONUT_COUPON;SEASHELLS;574.0;17
973700;Valentina;Ruby;COCONUT_COUPON;SEASHELLS;575.0;11
974100;Vinnie;Vinnie;COCONUT;SEASHELLS;9885.0;5
974600;Vinnie;Vinnie;COCONUT;SEASHELLS;9883.0;7
975400;Valentina;Vinnie;COCONUT_COUPON;SEASHELLS;574.0;16
975700;Ruby;Valentina;COCONUT_COUPON;SEASHELLS;570.0;10
976100;Vinnie;Vinnie;COCONUT;SEASHELLS;9881.0;5
976500;Valentina;Vinnie;COCONUT_COUPON;SEASHELLS;567.0;15
977700;Valentina;Rhianna;COCONUT_COUPON;SEASHELLS;572.0;10
978100;Vinnie;Vinnie;COCONUT;SEASHELLS;9883.0;6
978200;Vinnie;Vinnie;COCONUT;SEASHELLS;9881.0;5
978900;Valentina;Vinnie;COCONUT_COUPON;SEASHELLS;572.0;19
980100;Vinnie;Vinnie;COCONUT;SEASHELLS;9882.0;8
981200;Rhianna;Vinnie;COCONUT;SEASHELLS;9886.0;1
981600;Ruby;Valentina;COCONUT_COUPON;SEASHELLS;572.0;17
983400;Raj;Vinnie;COCONUT;SEASHELLS;9884.0;6
983400;Vinnie;Vinnie;COCONUT;SEASHELLS;9883.0;5
984200;Rhianna;Vinnie;COCONUT;SEASHELLS;9882.0;3
984700;Valentina;Valentina;COCONUT_COUPON;SEASHELLS;570.0;10
985700;Valentina;Vinnie;COCONUT_COUPON;SEASHELLS;573.0;12
985700;Ruby;Valentina;COCONUT_COUPON;SEASHELLS;574.0;11
986100;Valentina;Vinnie;COCONUT_COUPON;SEASHELLS;574.0;10
986200;Vinnie;Raj;COCONUT;SEASHELLS;9878.0;9
988000;Ruby;Valentina;COCONUT_COUPON;SEASHELLS;570.0;13
988400;Valentina;Vinnie;COCONUT_COUPON;SEASHELLS;570.0;10
988900;Valentina;Vinnie;COCONUT_COUPON;SEASHELLS;571.0;20
989200;Vladimir;Ruby;COCONUT_COUPON;SEASHELLS;572.0;1
989200;Valentina;Ruby;COCONUT_COUPON;SEASHELLS;572.0;16
989700;Rhianna;Vinnie;COCONUT;SEASHELLS;9879.0;3
989700;Raj;Vinnie;COCONUT;SEASHELLS;9879.0;5
992000;Vinnie;Raj;COCONUT;SEASHELLS;9887.0;9
992300;Valentina;Valentina;COCONUT_COUPON;SEASHELLS;575.0;6
992600;Valentina;Ruby;COCONUT_COUPON;SEASHELLS;574.0;14
992900;Valentina;Vinnie;COCONUT_COUPON;SEASHELLS;577.0;14
993200;Rhianna;Vinnie;COCONUT;SEASHELLS;9888.0;3
993700;Raj;Vinnie;COCONUT;SEASHELLS;9887.0;7
993800;Vinnie;Vinnie;COCONUT;SEASHELLS;9885.0;6
994100;Vinnie;Vinnie;COCONUT;SEASHELLS;9883.0;9
994300;Rhianna;Vinnie;COCONUT;SEASHELLS;9885.0;3
994900;Vinnie;Vinnie;COCONUT;SEASHELLS;9885.0;9
995500;Vinnie;Vinnie;COCONUT;SEASHELLS;9887.0;8
996200;Valentina;Vinnie;COCONUT_COUPON;SEASHELLS;585.0;14
997100;Vinnie;Vinnie;COCONUT;SEASHELLS;9885.0;9
997200;Vinnie;Vinnie;COCONUT;SEASHELLS;9883.0;8
998600;Vinnie;Raj;COCONUT;SEASHELLS;9887.0;5
999800;Valentina;Rhianna;COCONUT_COUPON;SEASHELLS;575.0;14
